Ticker,Current P/E Ratio (ttm),Estimated P/E,Relative P/E,Earnings Per Share (ttm),Est. EPS,Est. PEG Ratio,Market Cap (M),Shares Outstanding (M),Price/Book (mrq),Price/Sales (ttm),Dividend Indicated Gross Yield,Next Earnings Announcement,Last Dividend Reported,5Y Net Dividend Growth,Average Volume (30-day)
ORCL,18.45,14.52,0.58,3.42,4.35,1.54,"185,797.99","2,944.03",23.53,4.92,1.52%,2021-03-12,0.24,9.86%,"8,712,453"
GOOGL,42.27,27.12,1.32,49.31,76.87,1.48,"1,408,191.87",300.74,6.32,7.77,0,2021-04-28,0,0,"2,003,752"
WDC,110.85,20.71,3.46,0.56,3.00,1.76,"18,899.70",304.25,1.92,1.15,0,2021-04-30,0,-12.94%,"5,260,768"
AMZN,79.55,55.04,2.48,41.77,60.38,1.75,"1,673,315.43",503.56,17.89,4.31,0,2021-04-30,0,0,"3,953,282"
V,40.79,37.65,1.27,5.07,5.50,2.05,"457,118.87","1,696.11",11.88,18.16,0.62%,2021-04-30,0.32,19.53%,"9,988,125"
TMUS,33.10,47.48,1.03,3.81,2.66,3.18,"156,591.70","1,241.81",2.40,2.13,0,2021-05-06,8.08,0,"4,026,837"
ARW,13.43,10.12,0.42,7.64,10.15,1.00,"7,757.73",75.55,1.51,0.28,0,2021-04-30,0,0,"392,554"
JPM,15.31,13.68,0.48,9.16,10.25,2.63,"427,175.18","3,048.20",1.71,3.33,2.57%,2021-04-14,0.90,15.92%,"14,058,130"
VSH,27.01,17.22,0.80,0.90,1.34,11.28,"3,509.41",132.56,2.11,1.33,1.62%,2021-02-09,0.10,9.63%,"998,060"
BAC,17.01,13.64,0.53,1.95,2.40,1.00,"286,255.44","8,650.81",1.14,3.06,2.19%,2021-04-15,0.18,29.20%,"50,450,236"
PFE,15.31,10.45,0.48,2.27,3.33,4.45,"193,543.37","5,558.40",2.97,4.06,4.37%,2021-04-29,0.39,6.40%,"35,681,380"
TSLA,"1,167.75",216.27,36.08,0.74,3.95,1.78,"828,756.71",959.85,36.89,25.35,0,2021-04-29,0,0,"33,306,578"
INTC,12.81,12.57,0.40,4.62,4.70,2.40,"240,367.08","4,063.00",2.96,3.18,2.36%,2021-04-23,0.35,6.42%,"43,562,488"
C,14.93,9.77,0.47,4.26,6.51,0.88,"132,516.73","2,081.96",0.74,1.49,3.20%,2021-04-15,0.51,59.12%,"20,328,900"
NKE,70.34,47.33,2.19,2.04,3.03,1.77,"226,084.43","1,271.48",21.15,5.85,0.77%,2021-03-24,0.28,11.73%,"4,920,042"
SPGI,29.27,27.35,0.95,11.12,11.90,3.17,"78,322.76",240.67,177.15,10.54,0.95%,2021-02-09,0.77,15.22%,"1,853,892"
GILD,11.11,9.52,0.34,6.12,7.09,0,"85,202.31","1,253.53",4.65,3.44,4.19%,2021-04-30,0.71,16.09%,"9,456,635"
TMO,30.54,22.92,0.95,16.23,21.63,2.32,"196,487.13",396.34,5.69,6.10,0.18%,2021-04-22,0.22,7.96%,"1,661,759"
CRTO,16.75,13.06,0.52,1.48,1.88,2.45,"1,495.19",60.24,1.57,0.73,0,2021-02-10,0,0,"539,827"
UNH,20.23,17.82,0.63,16.03,18.20,1.50,"307,740.51",948.82,4.50,1.20,1.54%,2021-04-15,1.25,20.83%,"3,302,579"
TT,34.75,27.56,1.08,4.29,5.36,3.37,"35,773.81",240.12,5.52,2.86,1.58%,2021-05-05,0.59,12.82%,"1,301,308"
MDLZ,23.47,19.61,0.73,2.39,2.86,2.25,"79,106.66","1,412.12",2.88,3.02,2.25%,2021-04-28,0.32,13.40%,"6,727,403"
MA,52.41,41.89,1.64,6.43,8.05,2.04,"335,344.85",987.00,52.47,22.06,0.52%,2021-04-29,0.44,19.61%,"4,477,833"
MS,11.35,13.05,0.35,6.54,5.69,1.30,"134,296.79","1,809.20",1.47,2.28,1.89%,2021-04-16,0.35,18.47%,"11,543,438"
CCK,20.80,16.44,0.65,4.50,5.70,3.01,"12,625.91",134.76,6.61,1.10,0,2021-02-09,0,0,"914,333"
PEP,25.48,25.46,0.80,5.51,5.51,4.22,"194,026.69","1,381.96",14.40,2.85,2.91%,2021-02-11,1.02,7.80%,"4,308,112"
DG,19.66,18.67,0.61,10.09,10.62,1.22,"48,603.28",245.00,6.96,1.53,0.73%,2021-03-12,0.36,10.35%,"2,333,337"
VZ,11.26,10.88,0.35,4.89,5.06,4.93,"227,796.90","4,138.00",3.36,1.78,4.56%,2021-04-21,0.63,2.19%,"19,321,898"
T,16.15,9.44,0.50,1.78,3.05,9.17,"205,015.02","7,126.00",1.27,1.20,7.23%,2021-04-22,0.52,1.93%,"43,747,504"
BRK/B,27.04,25.71,0.84,0,9.24,0,"557,314.97","1,370.95",1.35,2.06,0,2021-02-27,0,0,"4,843,572"
NFLX,68.92,54.31,2.15,7.95,10.09,2.07,"242,671.17",442.90,21.93,9.67,0,2021-04-21,0,0,"5,872,676"
DIS,162.77,121.79,5.08,1.17,1.56,3.85,"344,710.12","1,814.26",4.05,5.25,0,2021-02-11,0,0,"9,411,646"
QCOM,31.32,20.15,0.98,4.71,7.31,1.02,"167,423.68","1,136.00",22.69,6.25,1.76%,2021-04-28,0.65,6.68%,"9,079,063"
SBUX,107.82,37.38,3.37,0.99,2.84,2.05,"125,099.90","1,177.30",0,5.38,1.69%,2021-04-27,0.45,18.47%,"6,026,586"
AON,25.48,20.84,0.80,8.86,10.84,1.59,"51,584.99",228.62,14.85,4.76,0.82%,2021-04-30,0.46,8.45%,"1,481,936"
ULTA,64.11,92.22,2.00,4.93,3.43,54.25,"17,800.19",56.34,9.60,2.86,0,2021-03-11,1.00,0,"673,913"
UPS,19.89,18.37,0.62,8.22,8.88,0.85,"141,384.25",718.00,190.22,1.67,2.47%,2021-04-27,1.01,6.71%,"3,797,610"
ACN,32.84,30.99,1.03,7.83,8.30,2.86,"170,363.60",661.14,9.11,3.66,1.37%,2021-03-18,0.88,9.65%,"1,790,811"
TJX,171.06,166.60,5.34,0.41,0.42,18.24,"84,008.16","1,200.63",15.09,2.51,1.49%,2021-02-24,0.26,-11.35%,"5,593,824"
PG,22.98,22.65,0.72,5.62,5.70,3.09,"318,078.03","2,462.48",6.73,4.38,2.45%,2021-04-20,0.79,3.59%,"7,100,010"
NVDA,81.42,59.39,2.54,7.09,9.72,2.73,"357,503.45",619.00,23.31,23.92,0.11%,2021-02-24,0.16,10.13%,"7,118,524"
HLIO,79.06,29.90,2.44,0.78,2.05,0,"1,990.61",32.11,3.35,3.96,0.58%,2021-02-24,0.09,-4.36%,"90,159"
MDT,49.09,27.77,1.53,2.41,4.25,3.20,"158,924.58","1,346.02",3.17,5.69,1.96%,2021-02-23,0.58,9.55%,"4,040,244"
ABBV,13.79,8.62,0.43,7.75,12.39,5.15,"188,623.23","1,765.47",12.35,3.92,4.87%,2021-04-30,1.30,18.17%,"7,511,324"
BMY,38.41,8.09,1.20,1.57,7.44,0.26,"136,104.83","2,259.75",2.71,3.19,3.25%,2021-05-07,0.49,4.31%,"12,079,112"
JD,159.52,57.08,4.98,3.82,10.66,1.34,"147,992.30","1,339.46",6.27,1.31,0,2021-03-02,0,0,"11,030,813"
ABT,49.76,24.76,1.55,2.50,5.03,1.64,"220,659.02","1,772.36",7.03,6.39,1.45%,2021-04-16,0.45,9.32%,"5,163,175"
ALXN,14.36,12.00,0.45,10.76,12.97,0.89,"33,945.47",219.71,2.93,5.64,0,2021-05-06,0,0,"2,937,262"
ETSY,120.42,92.06,3.72,1.92,2.49,9.32,"29,214.02",126.09,43.41,20.00,0,2021-02-26,0,0,"3,270,395"
NEE,36.73,33.28,1.15,2.27,2.51,4.59,"163,386.78","1,959.07",4.47,9.09,1.68%,2021-04-22,0.35,12.70%,"7,982,527"
BIIB,13.96,13.70,0.43,19.26,19.54,0,"40,967.65",152.34,3.83,3.22,0,2021-04-22,0,0,"1,342,572"
EA,34.75,26.26,1.09,4.10,5.42,3.50,"40,975.20",287.63,5.19,7.27,0.48%,2021-05-10,0.17,0,"3,026,527"
CHTR,38.22,30.90,1.19,16.10,19.92,0.83,"138,736.07",193.73,5.01,2.60,0,2021-04-30,0,0,"1,165,304"
FSLR,20.97,26.29,0.65,4.79,3.82,1.24,"10,632.59",105.98,1.97,3.03,0,2021-02-19,0,0,"2,795,535"
AVGO,64.02,17.96,2.00,7.38,26.32,2.33,"192,253.29",406.71,9.54,7.95,3.05%,2021-03-04,3.60,52.10%,"1,542,729"
AMGN,19.07,14.10,0.60,12.46,16.85,0,"137,315.46",578.00,14.59,5.47,2.96%,2021-04-30,1.76,15.16%,"2,505,190"
MU,28.89,20.33,0.90,2.91,4.13,1.29,"93,979.59","1,118.67",2.35,4.23,0,2021-03-25,0,0,"18,563,962"
HON,23.92,25.87,0.75,8.52,7.88,2.72,"143,045.66",701.69,8.04,4.40,1.82%,2021-04-30,0.93,11.07%,"2,641,428"
CAT,31.23,24.57,0.98,6.32,8.04,2.02,"107,266.35",543.26,7.00,2.57,2.09%,2021-04-29,1.03,6.48%,"3,032,959"
AXP,34.04,19.40,1.05,3.76,6.52,1.28,"103,031.95",805.00,4.42,2.67,1.35%,2021-04-23,0.43,8.77%,"3,905,087"
STLD,14.28,10.37,0.45,2.69,3.70,1.55,"8,078.07",210.37,1.90,0.84,2.60%,2021-04-20,0.25,12.70%,"2,015,609"
LIN,31.23,27.85,0.97,8.24,9.21,2.53,"134,568.96",522.92,2.84,4.96,1.64%,2021-05-07,1.06,6.14%,"1,741,772"
MMM,20.23,18.83,0.63,8.93,9.60,2.34,"104,678.12",579.10,8.12,3.24,3.28%,2021-04-28,1.48,7.48%,"3,032,063"
CMCSA,23.46,18.31,0.73,2.21,2.83,1.48,"237,507.02","4,571.21",2.63,2.30,1.93%,2021-04-30,0.25,12.97%,"18,260,252"
BSX,83.42,25.63,2.61,0.47,1.54,3.13,"56,661.13","1,431.92",3.64,5.66,0,2021-04-29,0,0,"11,098,143"
VIAV,81.65,21.02,2.55,0.20,0.79,1.40,"3,812.75",228.99,4.76,3.44,0,2021-05-06,0,0,"2,117,184"
ADBE,45.46,43.84,1.42,10.86,11.26,2.74,"236,362.91",478.70,17.83,18.44,0,2021-03-23,0,0,"2,568,828"
ROK,29.66,27.14,0.92,8.34,9.03,2.70,"28,720.51",116.16,18.32,4.59,1.73%,2021-04-28,1.07,9.08%,"769,540"
MHH,22.45,16.21,0.70,0.86,1.20,0.71,219.74,11.38,3.88,1.11,0,2021-02-10,0.25,0,"24,480"
SANM,11.63,9.80,0.36,3.03,3.60,0.61,"2,286.71",64.93,1.36,0.35,0,2021-04-27,0,0,"326,380"
DE,29.96,24.43,0.93,10.58,12.90,1.20,"99,684.14",314.42,7.64,2.78,0.96%,2021-02-19,0.76,4.84%,"1,474,443"
RUN,"1,885.00",0,58.88,0.04,-0.06,0,"14,893.80",197.53,9.31,10.75,0,2021-02-25,0,0,"5,709,947"
ISRG,95.96,63.24,3.06,8.02,12.42,7.10,"90,516.55",117.56,9.46,21.15,0,2021-04-16,0,0,"618,336"
GE,813.08,43.98,25.40,0.01,0.26,4.46,"101,702.13","8,759.87",2.86,1.28,0.34%,2021-04-29,0.01,-46.59%,"76,267,488"
LOW,20.79,20.44,0.65,8.62,8.77,1.08,"131,281.95",732.72,33.08,1.59,1.34%,2021-02-24,0.60,16.54%,"3,747,666"
COST,36.94,35.24,1.15,9.74,10.21,3.53,"159,388.58",442.96,10.73,0.92,0.78%,2021-03-04,0.70,52.44%,"2,449,924"
GLUU,79.94,16.98,2.50,0.12,0.55,0,"1,631.49",173.75,3.87,2.83,0,2021-05-07,0,0,"3,485,577"
LPLA,20.91,17.68,0.65,5.92,7.01,2.16,"9,842.45",79.47,7.49,1.67,0.81%,2021-04-30,0.25,0.00%,"649,764"
RTX,28.74,19.84,0.90,2.52,3.65,3.91,"110,146.97","1,519.48",1.53,1.42,2.62%,2021-05-07,0.47,-3.34%,"7,253,191"
MCD,34.27,25.16,1.07,6.17,8.41,0,"157,650.58",745.11,0,8.22,2.44%,2021-04-30,1.29,7.94%,"3,020,708"
NEW,134.07,17.07,4.19,0.33,2.61,0,602.96,87.13,15.48,2.04,0,2021-03-05,0,0,"417,508"
GM,18.54,12.39,0.57,3.07,4.53,1.56,"81,412.78","1,431.31",1.80,0.69,0,2021-02-10,0,-22.74%,"26,962,644"
HUN,62.05,31.11,1.94,0.47,0.94,4.47,"6,421.95",220.53,1.99,1.08,2.23%,2021-02-12,0.16,5.39%,"1,395,769"
CCI,58.68,67.04,1.83,2.74,2.40,3.22,"69,395.82",431.30,7.33,11.65,3.31%,2021-04-29,1.33,8.07%,"2,044,312"
NOW,739.49,107.68,23.10,0.80,5.46,3.67,"114,701.24",195.10,38.68,25.06,0,2021-04-29,0,0,"1,436,167"
AMD,89.43,47.55,2.79,1.02,1.92,2.33,"110,795.78","1,211.28",19.01,11.13,0,2021-04-28,0.01,0,"44,845,708"
CRM,446.92,51.50,13.96,0.53,4.64,2.67,"219,274.30",917.73,5.42,10.60,0,2021-02-25,0,0,"7,176,753"
ECL,48.77,53.65,1.52,4.45,4.05,4.40,"61,955.88",285.45,10.30,4.76,0.88%,2021-02-16,0.48,7.12%,"868,509"
CVS,11.15,9.82,0.35,6.55,7.43,1.38,"95,524.51","1,308.91",1.39,0.36,2.74%,2021-02-16,0.50,6.28%,"6,308,243"
EEFT,58.64,56.58,1.83,2.35,2.44,5.66,"7,210.56",52.31,5.52,2.99,0,2021-02-10,0,0,"297,233"
EQIX,113.77,144.92,3.57,6.57,5.18,7.89,"66,595.52",89.10,6.33,11.16,1.42%,2021-02-10,2.66,-9.69%,"432,085"
PTC,104.63,45.54,3.27,1.37,3.14,2.10,"16,694.54",116.81,11.15,10.82,0,2021-04-29,0,0,"769,324"
KEYS,44.77,25.74,1.40,3.23,5.62,2.81,"26,926.43",186.08,8.13,6.41,0,2021-02-18,0,0,"1,558,146"
MLM,28.30,28.36,0.88,9.84,10.61,2.53,"18,738.93",62.27,3.18,3.96,0.76%,2021-02-09,0.57,6.96%,"586,152"
EBAY,18.63,15.99,0.58,3.43,3.99,0.76,"43,439.66",680.45,12.26,4.22,1.13%,2021-04-29,0.18,0,"8,778,851"
GS,9.30,10.45,0.29,32.29,28.72,0.86,"107,654.56",344.07,1.27,2.00,1.67%,2021-04-15,1.25,14.42%,"3,375,410"
ROST,87.79,101.91,2.74,1.37,1.18,11.52,"43,010.84",356.46,14.25,3.35,0,2021-03-03,0,-9.52%,"1,675,516"
ANTM,13.47,11.57,0.42,21.36,24.86,0.93,"71,552.23",248.70,2.16,0.59,1.57%,2021-04-21,1.13,8.73%,"1,227,338"
FANG,16.11,22.97,0.50,4.28,3.00,2.56,"10,889.17",157.97,1.14,3.15,2.18%,2021-02-22,0.38,0,"3,046,556"
LMT,11.52,12.87,0.36,29.33,26.28,2.47,"94,630.14",280.10,15.64,1.44,3.08%,2021-04-29,2.60,9.77%,"1,921,477"
ICE,28.52,23.27,0.89,3.98,4.88,2.16,"63,731.23",561.71,3.26,10.38,1.16%,2021-04-30,0.33,15.65%,"2,245,695"
CSX,24.48,19.85,0.76,3.56,4.37,2.81,"66,734.26",764.77,5.12,6.29,1.19%,2021-04-22,0.26,8.24%,"3,991,712"
CBRE,22.69,24.47,0.71,2.99,2.79,2.88,"22,787.54",335.46,3.50,0.95,0,2021-02-23,0,0,"1,533,731"
KMB,16.99,16.91,0.53,7.78,7.82,3.56,"44,962.67",340.14,71.52,2.35,3.45%,2021-04-22,1.14,3.99%,"2,039,359"
OIIM,46.70,20.86,1.46,0.20,0.44,0,255.19,27.24,2.87,3.16,0,2021-05-07,0,0,"545,548"
CPRI,49.58,30.57,1.55,0.94,1.52,5.63,"7,032.62",151.04,2.98,1.72,0,2021-07-01,0,0,"4,037,627"
FDX,19.07,14.68,0.60,13.50,17.53,1.03,"68,242.42",265.07,3.24,0.90,1.01%,2021-03-18,0.65,22.31%,"2,879,237"
REGI,26.19,36.51,0.84,4.26,3.05,0,"4,385.20",39.33,3.70,1.67,0,2021-03-05,0,0,"1,065,911"
ADP,28.17,28.34,0.88,5.96,5.92,2.50,"71,859.72",427.94,12.18,4.93,2.22%,2021-04-29,0.93,12.85%,"1,855,528"
CB,23.33,14.14,0.73,7.12,11.75,1.52,"75,008.75",451.37,1.26,2.09,1.88%,2021-04-21,0.78,3.04%,"1,487,349"
J,21.57,18.64,0.67,5.06,5.86,1.51,"14,184.87",129.98,2.43,1.05,0.77%,2021-02-09,0.21,0,"638,660"
CC,102.02,15.21,3.19,0.27,1.77,0,"4,528.57",164.50,6.18,0.91,3.63%,2021-02-11,0.25,11.51%,"1,130,843"
TSCO,22.93,23.33,0.72,6.86,6.74,3.17,"18,319.22",116.50,9.52,1.72,1.32%,2021-04-23,0.52,14.57%,"1,236,930"
SRCL,56.47,30.86,1.79,1.23,2.28,3.12,"6,363.81",91.55,2.76,2.28,0,2021-02-25,0,0,"375,049"
XLNX,48.78,47.99,1.52,2.90,2.95,6.91,"34,689.53",245.28,13.34,11.35,0,2021-04-22,0,-1.35%,"2,930,699"
DGX,11.47,10.93,0.36,10.60,11.12,0,"16,178.12",133.00,2.39,1.74,2.04%,2021-04-22,0.62,8.06%,"1,387,508"
BDX,22.23,20.09,0.69,11.55,12.78,2.11,"74,621.62",290.56,3.03,4.01,1.29%,2021-05-07,0.83,5.40%,"1,288,171"
HUM,17.87,17.63,0.56,21.17,21.67,1.43,"48,753.32",128.86,3.58,0.65,0.66%,2021-04-28,0.62,16.80%,"1,078,473"
G,22.71,19.98,0.71,1.85,2.10,2.03,"7,960.18",189.35,4.50,2.17,0.93%,2021-02-09,0.10,0,"823,648"
MAA,61.98,52.03,1.94,2.19,2.60,0,"15,495.97",114.37,2.64,9.22,3.03%,2021-05-06,1.02,5.16%,"645,147"
SCHW,23.70,20.05,0.74,2.36,2.79,2.61,"104,802.86","1,797.21",1.79,6.65,1.29%,2021-04-15,0.18,24.57%,"8,711,586"
AL,7.17,9.46,0.22,6.07,4.55,0.67,"4,950.52",113.78,0.85,2.35,1.47%,2021-02-22,0.16,29.11%,"663,761"
PLD,82.21,54.59,2.55,1.30,1.95,6.72,"79,087.36",738.58,2.46,17.53,2.17%,2021-04-21,0.58,8.83%,"2,629,884"
DIOD,40.39,34.48,1.26,1.97,2.31,4.31,"4,140.98",52.04,3.45,3.47,0,2021-02-16,0,0,"229,810"
SLM,6.67,6.71,0.21,2.26,2.23,0,"5,647.33",375.24,2.59,2.46,0.80%,2021-04-22,0.03,0,"5,568,046"
LRCX,26.45,21.30,0.83,20.14,25.01,1.24,"76,138.69",142.91,13.86,6.47,0.98%,2021-04-22,1.30,35.32%,"1,524,946"
REGN,17.05,11.13,0.53,29.02,44.48,1.19,"53,019.58",105.28,4.80,6.25,0,2021-05-05,0,0,"996,461"
HOLX,16.36,9.41,0.51,5.03,8.75,0.69,"21,200.41",257.66,6.48,4.72,0,2021-04-29,0,0,"1,870,580"
VRTX,21.05,18.86,0.66,10.18,11.37,0.54,"55,712.62",259.89,6.41,8.98,0,2021-04-29,0,0,"1,958,232"
SYY,98.53,54.67,3.08,0.78,1.41,8.41,"39,260.89",510.41,27.49,0.85,2.34%,2021-05-05,0.45,8.27%,"2,486,038"
ITW,30.88,25.92,0.96,6.61,7.88,3.32,"64,646.10",316.52,20.32,5.15,2.23%,2021-05-05,1.14,16.38%,"966,994"
BLL,37.01,26.13,1.16,2.42,3.43,5.23,"29,348.58",327.11,8.79,2.48,0.67%,2021-05-07,0.15,18.20%,"1,643,842"
CME,31.14,28.49,0.97,6.16,6.73,5.32,"68,832.86",358.99,2.54,13.93,1.88%,2021-02-10,0.90,3.78%,"1,589,009"
DD,47.17,24.09,1.80,1.61,3.15,5.08,"55,596.45",733.85,1.48,2.73,1.58%,2021-02-09,0.30,-25.30%,"20,256,894"
MSI,29.63,21.32,0.93,6.16,8.56,1.88,"30,944.70",169.52,0,4.18,1.56%,2021-05-07,0.71,12.96%,"729,233"
REX,143.46,0,4.48,0.64,0,0,549.65,5.99,1.44,1.56,0,2021-03-26,0,0,"20,425"
CSIQ,20.53,35.67,0.64,2.90,1.67,1.11,"3,512.98",59.04,2.34,1.06,0,2021-03-26,0,0,"2,099,944"
WTS,34.93,33.88,1.07,3.70,3.75,0,"4,348.39",27.43,4.17,2.86,0.71%,2021-02-10,0.23,6.87%,"128,301"
CMI,21.08,17.17,0.66,11.32,13.89,1.89,"35,218.84",147.60,4.37,1.79,2.26%,2021-04-28,1.35,8.52%,"1,102,307"
ROP,43.87,27.59,1.36,9.28,14.68,2.13,"42,699.83",104.87,4.05,7.66,0.55%,2021-04-28,0.56,14.87%,"523,853"
IBM,14.99,11.16,0.47,8.24,11.07,1.37,"110,143.57",891.06,5.35,1.50,5.28%,2021-04-20,1.63,4.63%,"7,544,375"
MMC,22.94,21.31,0.71,4.96,5.30,2.63,"57,753.79",507.19,6.19,3.32,1.63%,2021-04-30,0.47,8.86%,"1,637,925"
BWA,16.17,17.33,0.50,2.69,2.51,1.65,"10,621.89",244.52,2.23,1.02,1.57%,2021-02-11,0.17,5.51%,"2,480,371"
LB,24.28,15.64,0.76,2.09,3.25,1.36,"14,122.35",278.11,0,1.20,0,2021-02-24,0,-40.43%,"5,081,312"
FLEX,17.72,13.44,0.54,1.10,1.43,0.82,"9,758.82",499.17,2.84,0.41,0,2021-05-07,0,0,"5,846,143"
LULU,77.37,73.58,2.40,4.39,4.59,3.89,"44,277.14",125.12,20.27,10.80,0,2021-03-26,0,0,"1,326,799"
AMT,53.02,51.16,1.65,4.39,4.55,3.13,"103,408.43",444.21,27.70,13.15,2.08%,2021-02-25,1.21,20.14%,"2,267,685"
CHKP,19.76,17.48,0.62,5.95,6.73,3.50,"16,135.92",137.15,4.76,8.00,0,2021-04-27,0,0,"1,517,670"
UBS,8.24,10.53,0.35,0,1.46,1.32,"59,197.91","3,859.05",0.92,1.39,1.21%,2021-04-27,0.18,-1.69%,"3,150,776"
AMAT,26.54,21.02,0.83,4.00,5.05,1.62,"97,446.40",917.66,9.18,5.65,0.83%,2021-02-18,0.22,16.81%,"7,228,964"
GLW,19.75,18.97,0.61,1.91,1.96,1.35,"28,825.20",765.00,2.59,2.50,2.55%,2021-04-28,0.24,12.89%,"4,050,159"
ILMN,93.46,102.84,2.92,4.83,4.39,5.33,"65,854.76",146.00,14.01,20.44,0,2021-02-11,0,0,"1,080,892"
EME,16.54,15.99,0.52,5.79,5.99,1.60,"5,261.80",54.93,2.62,0.60,0.54%,2021-02-25,0.13,2.95%,"215,991"
ABC,13.79,12.74,0.43,7.87,8.52,1.89,"22,208.57",204.71,0,0.11,1.62%,2021-05-07,0.44,7.04%,"1,351,094"
ADI,31.70,26.78,0.99,4.83,5.72,3.04,"56,581.20",369.33,4.72,10.08,1.62%,2021-02-17,0.62,9.16%,"2,555,780"
DOW,25.70,16.93,0.80,2.23,3.39,4.18,"42,503.32",741.12,3.43,1.10,4.88%,2021-04-22,0.70,0,"4,189,005"
CI,14.19,10.14,0.44,14.52,20.32,0.94,"73,100.56",354.77,1.45,0.47,1.94%,2021-05-07,1.00,0.00%,"1,803,016"
NXPI,55.47,20.67,1.73,3.39,9.10,1.14,"52,626.49",279.75,5.88,6.11,0.80%,2021-04-27,0.38,0,"2,582,334"
MSA,42.47,39.24,1.31,3.99,4.28,4.36,"6,604.14",38.95,8.51,4.88,1.02%,2021-02-19,0.43,6.13%,"113,734"
MCHP,71.54,23.82,2.23,2.13,6.40,1.86,"41,054.38",269.26,7.75,7.24,1.02%,2021-05-07,0.39,0.55%,"1,971,134"
EPAM,70.81,62.39,2.21,5.51,6.26,2.66,"21,854.16",55.99,11.75,8.43,0,2021-02-18,0,0,"285,969"
MO,9.91,9.43,0.31,4.34,4.56,2.55,"79,856.27","1,858.42",27.30,3.83,8.01%,2021-04-30,0.86,9.40%,"8,024,041"
APTV,73.79,39.26,2.30,2.02,3.79,3.52,"40,171.67",270.03,5.08,3.01,0,2021-05-05,0,-26.13%,"1,940,857"
SEIC,18.73,15.45,0.59,3.01,3.65,1.29,"8,087.53",143.40,4.65,4.91,1.31%,2021-04-23,0.37,7.57%,"491,737"
APD,30.62,27.71,0.96,8.28,9.15,2.42,"56,124.67",221.28,4.42,6.25,2.37%,2021-04-23,1.50,10.59%,"1,379,040"
CL,25.41,24.25,0.79,3.14,3.29,3.76,"68,316.36",857.17,91.95,4.15,2.21%,2021-04-30,0.44,2.98%,"4,684,637"
BBD,13.78,9.12,0.13,0,2.82,0,"39,915.96","4,435.11",1.55,1.62,0,2021-05-04,0.00,-9.93%,"25,077,996"
ALGN,146.21,68.19,4.57,4.12,8.84,4.07,"47,502.63",78.85,14.69,19.20,0,2021-04-28,0,0,"530,236"
PM,16.24,14.43,0.51,5.29,5.94,1.61,"133,913.60","1,557.32",0,4.66,5.59%,2021-04-20,1.20,3.25%,"4,563,916"
FIS,76.10,20.56,2.35,1.75,6.41,1.46,"82,794.49",620.51,1.67,6.49,1.17%,2021-02-09,0.39,6.13%,"4,656,850"
CRI,21.08,22.22,0.66,4.57,4.33,3.12,"4,202.39",43.65,5.13,1.34,0,2021-02-24,0,-7.37%,"510,046"
SYK,37.69,26.74,1.18,6.43,9.07,3.19,"91,110.44",375.79,6.96,6.34,1.04%,2021-04-30,0.63,10.73%,"1,157,806"
SO,20.17,18.95,0.63,3.01,3.20,3.65,"64,145.58","1,056.24",2.27,3.18,4.22%,2021-02-18,0.64,3.37%,"3,622,432"
BAX,28.04,22.63,0.88,2.77,3.43,2.47,"39,639.51",510.82,4.63,3.39,1.26%,2021-04-30,0.24,-5.54%,"2,516,568"
EXC,14.74,14.01,0.46,2.97,3.12,4.68,"42,599.69",973.93,1.30,1.28,3.50%,2021-02-24,0.38,4.29%,"4,431,426"
PH,25.42,20.25,0.79,10.96,13.76,1.59,"35,967.18",129.08,5.06,2.65,1.26%,2021-04-30,0.88,6.91%,"885,638"
WM,27.97,28.50,0.87,4.09,4.01,5.18,"48,337.70",422.61,6.76,3.23,1.91%,2021-02-18,0.55,7.20%,"1,589,771"
HXL,209.83,209.25,6.55,0.24,0.24,4.50,"4,212.71",83.54,2.79,2.81,0,2021-04-20,0,-15.73%,"909,218"
PCAR,25.92,16.88,0.81,3.73,5.73,1.79,"33,540.48",346.60,3.22,1.79,1.32%,2021-04-21,0.32,-3.12%,"1,971,589"
SHOP,"1,661.06",362.66,61.44,0,3.71,6.50,"165,685.37",110.93,26.57,64.86,0,2021-02-17,0,0,"1,123,412"
WBA,18.69,10.44,0.58,2.67,4.78,2.87,"43,141.60",864.04,2.15,0.31,3.75%,2021-04-05,0.47,5.81%,"7,175,326"
WELL,90.73,29.70,2.81,0.70,2.11,9.24,"26,377.84",417.30,1.62,5.43,3.86%,2021-02-09,0.61,-4.14%,"2,128,202"
BKNG,85.49,593.58,2.65,24.56,3.51,45.03,"85,987.30",40.95,17.35,9.64,0,2021-02-26,0,0,"374,340"
SHW,31.22,26.78,0.98,23.19,27.03,2.95,"65,757.85",90.82,18.21,3.57,0.74%,2021-04-29,1.34,14.87%,"428,699"
VTRS,8.62,4.02,0.27,2.09,4.48,0,"21,880.24","1,215.57",0.74,0.81,0,2021-02-26,0,0,"10,550,986"
VRSK,45.49,37.42,1.43,4.15,5.08,3.90,"30,706.71",162.59,12.80,11.28,0.57%,2021-02-23,0.27,0,"685,162"
SNPS,61.87,44.03,1.93,4.47,6.28,3.12,"42,310.42",153.03,8.60,11.34,0,2021-02-17,0,0,"639,754"
PAYX,30.57,31.19,0.95,3.00,2.94,3.67,"33,073.48",360.63,11.44,8.29,2.70%,2021-03-25,0.62,8.62%,"1,689,080"
OTIS,25.53,23.31,0.80,2.50,2.73,4.48,"27,637.85",433.67,0,2.17,1.26%,2021-05-07,0.20,0,"2,686,902"
LAUR,9.24,0,0.29,1.57,-0.99,0,"3,052.35",119.26,1.65,1.25,0,2021-02-25,0,0,"1,089,701"
INFO,66.32,28.41,2.07,1.35,3.15,2.43,"35,463.25",396.59,4.16,8.27,0.89%,2021-03-24,0.20,0,"3,134,756"
FAST,31.86,29.84,0.98,1.49,1.57,2.98,"27,262.84",574.32,9.82,4.75,2.36%,2021-04-13,0.28,20.20%,"3,239,675"
WCN,43.70,38.33,1.36,2.26,2.58,4.03,"26,013.73",262.90,3.90,4.81,0.83%,2021-02-17,0.20,1.60%,"990,298"
PSA,35.92,35.23,1.12,6.47,6.60,10.99,"40,647.90",174.82,8.46,14.12,3.44%,2021-02-24,2.00,4.24%,"896,360"
HCA,15.19,14.02,0.47,11.78,12.58,1.35,"60,548.77",338.37,104.34,1.16,1.07%,2021-04-21,0.48,0,"1,471,481"
SWK,19.67,17.48,0.61,8.93,10.05,1.78,"28,148.03",160.22,2.55,1.87,1.59%,2021-04-30,0.70,5.37%,"1,233,930"
PTON,215.75,403.87,6.74,0.67,0.36,0,"42,699.80",263.64,22.13,14.12,0,2021-05-06,0,0,"7,436,650"
CTVA,38.89,22.90,1.21,1.12,1.90,1.98,"32,422.20",743.46,1.31,2.30,1.19%,2021-05-06,0.13,0,"3,474,822"
ES,24.00,23.49,0.75,3.56,3.64,3.48,"29,314.92",342.82,2.10,3.28,2.65%,2021-02-19,0.57,6.33%,"1,498,191"
CTAS,39.77,36.49,1.25,8.78,9.59,3.73,"36,671.21",105.03,10.21,5.26,0.86%,2021-03-19,0.75,27.30%,"500,288"
GLOB,128.18,90.38,4.01,1.70,2.42,0,"8,637.51",39.56,10.71,10.81,0,2021-02-19,0,0,"170,334"
FNF,9.76,8.42,0.30,4.00,4.63,0,"11,473.83",293.67,1.60,1.16,3.69%,2021-02-12,0.36,11.03%,"1,772,442"
CCEP,21.42,24.49,0.67,1.96,1.71,10.70,"23,109.02",454.81,3.27,1.74,3.96%,2021-02-11,0.85,-2.11%,"1,125,244"
HPQ,11.60,10.39,0.36,2.35,2.65,1.22,"35,207.07","1,289.64",0,0.69,2.84%,2021-02-25,0.19,2.58%,"7,928,480"
SRE,118.32,16.27,3.70,1.06,7.67,2.66,"36,015.51",288.47,1.85,3.25,3.35%,2021-02-25,1.04,8.34%,"1,754,740"
GPN,67.14,25.15,2.10,2.98,7.97,1.28,"59,764.94",298.33,2.19,8.07,0.39%,2021-05-06,0.20,81.14%,"1,878,718"
MCK,12.12,10.81,0.38,15.16,16.97,2.22,"29,254.97",159.17,0,0.13,0.91%,2021-05-20,0.42,9.80%,"1,036,428"
ANSS,83.77,61.12,2.62,4.56,6.25,4.49,"32,805.16",85.88,9.14,21.17,0,2021-02-24,0,0,"420,908"
AMCR,23.19,15.76,0.72,0.49,0.73,1.82,"17,915.88","1,561.98",3.74,1.44,4.10%,2021-05-11,0.12,0,"5,990,205"
RMD,41.40,38.67,1.29,4.87,5.21,3.04,"29,327.36",145.51,10.24,9.45,0.77%,2021-04-30,0.39,5.74%,"524,296"
DUK,18.01,18.24,0.56,5.20,5.11,4.50,"68,889.60",736.00,1.56,2.83,4.12%,2021-02-11,0.96,3.35%,"2,506,489"
AME,35.00,28.09,1.10,3.43,4.29,3.27,"27,582.48",230.06,4.63,6.09,0.60%,2021-05-05,0.18,14.87%,"954,952"
KHC,11.98,12.09,0.37,2.83,2.81,10.35,"41,459.15","1,222.62",0.84,1.61,4.72%,2021-02-11,0.40,-1.21%,"6,173,562"
NTB,11.35,11.41,0.35,2.89,2.85,1.91,"1,816.34",55.36,1.64,2.97,5.41%,2021-02-10,0.44,0,"122,128"
NOC,12.63,12.64,0.39,23.75,23.59,2.76,"50,037.19",166.72,4.71,1.36,1.93%,2021-04-29,1.45,12.84%,"1,195,242"
LEU,9.59,6.31,0.30,2.88,4.35,0,332.66,11.32,0,1.28,0,2021-03-26,0,0,"199,358"
DOV,24.08,18.72,0.75,5.02,6.41,1.74,"17,420.65",144.10,5.10,2.58,1.64%,2021-04-21,0.49,3.73%,"736,882"
MHK,17.66,18.72,0.55,8.67,8.16,3.18,"10,900.51",71.20,1.33,1.17,0,2021-02-11,0,0,"419,022"
YNDX,197.22,73.32,6.16,25.69,69.12,2.79,"24,096.05",316.68,5.56,8.56,0,2021-02-16,0,0,"1,551,194"
EL,61.82,47.97,1.93,4.54,5.85,2.65,"101,768.55",229.74,18.77,7.15,0.76%,2021-05-03,0.53,14.64%,"1,323,674"
BX,41.18,22.22,1.29,1.71,3.18,1.41,"84,661.43",683.88,7.25,8.25,5.44%,2021-04-23,0.96,-3.71%,"2,689,690"
VIPS,31.78,25.74,1.00,6.83,8.45,0,"22,825.81",594.77,5.68,1.53,0,2021-03-05,0,0,"7,700,605"
ED,16.64,17.04,0.52,4.28,4.18,5.16,"24,386.01",342.12,1.29,1.94,4.35%,2021-02-19,0.78,3.31%,"2,608,722"
MCO,28.57,27.31,0.89,9.74,10.20,2.42,"52,281.64",187.80,34.93,9.84,0.80%,2021-02-12,0.56,10.49%,"763,471"
PGR,11.55,15.13,0.36,7.46,5.70,0,"50,426.68",585.20,2.96,1.18,0.46%,2021-04-15,0.10,40.71%,"2,688,479"
AZO,16.05,16.08,0.50,76.32,75.88,1.90,"27,878.77",22.76,0,2.20,0,2021-03-03,0,0,"236,233"
IDXX,71.33,68.52,2.23,6.95,7.24,4.35,"42,288.27",85.30,66.90,15.63,0,2021-04-30,0,0,"386,734"
ZM,281.70,141.03,8.80,1.46,2.91,1.92,"119,885.83",204.06,78.32,59.30,0,2021-03-01,0,0,"5,984,480"
BZUN,57.48,40.04,1.80,5.61,8.06,105.32,"4,116.52",77.67,13.08,2.28,0,2021-03-18,0,0,"1,619,830"
LGIH,11.83,10.39,0.37,10.06,11.46,0,"2,986.95",25.10,2.95,1.42,0,2021-02-23,0,0,"293,823"
MTCH,79.50,70.57,2.48,2.00,2.25,4.80,"42,291.34",265.98,0,14.86,0,2021-05-06,0,0,"2,683,385"
RP,124.78,45.27,3.90,0.70,1.92,4.53,"8,852.69",102.06,5.57,7.39,0,2021-02-26,0,0,"2,467,044"
KKR,14.16,20.52,0.44,3.20,2.21,0,"39,055.58",572.34,2.13,2.67,1.19%,2021-05-06,0.14,-19.62%,"2,287,450"
SWKS,26.67,18.03,0.83,6.81,10.07,1.03,"29,940.90",164.90,6.78,7.63,1.10%,2021-05-04,0.50,15.62%,"2,484,577"
IFF,28.13,22.69,0.88,4.52,5.61,2.64,"31,644.27",248.68,2.24,2.80,2.42%,2021-02-10,0.77,8.09%,"8,767,815"
IP,16.28,12.86,0.51,2.94,3.73,4.13,"18,805.69",393.10,2.41,0.92,4.29%,2021-04-29,0.51,4.56%,"2,881,302"
PPG,25.08,19.25,0.78,5.59,7.28,2.51,"33,120.58",236.20,6.24,2.40,1.54%,2021-04-27,0.54,8.22%,"1,555,125"
BMRN,20.74,53.66,0.65,4.16,1.61,1.08,"15,664.19",181.53,3.86,8.35,0,2021-02-25,0,0,"1,375,408"
GRMN,26.20,25.87,0.82,4.74,4.79,3.34,"23,740.22",191.24,4.65,6.01,1.97%,2021-02-17,0.61,3.61%,"596,046"
PRGO,14.49,10.65,0.45,3.00,4.10,0,"5,938.74",136.49,1.02,1.17,2.07%,2021-02-26,0.23,12.47%,"1,132,688"
DLTR,20.12,18.79,0.63,5.32,5.70,1.89,"25,182.02",235.19,3.62,1.01,0,2021-03-04,0,0,"1,739,609"
KSU,30.19,22.68,0.94,6.76,8.99,1.67,"18,528.42",90.85,4.58,7.27,1.06%,2021-04-16,0.54,4.44%,"752,327"
K,14.56,14.25,0.45,3.97,4.02,3.16,"19,845.99",343.71,6.48,1.45,3.95%,2021-02-11,0.57,2.86%,"3,059,985"
HMSY,52.50,29.80,1.64,0.70,1.24,2.55,"3,259.40",88.57,3.57,5.03,0,2021-02-22,0,0,"1,477,228"
CTSH,26.48,19.13,0.83,2.86,3.97,1.91,"40,200.50",530.00,3.71,2.46,1.27%,2021-05-07,0.24,0,"2,599,482"
CERN,34.44,27.62,1.08,2.28,2.84,2.75,"24,067.31",306.59,5.46,4.36,1.12%,2021-02-10,0.22,0,"1,436,657"
ICLR,33.00,31.58,1.04,6.13,6.47,3.41,"10,670.63",52.78,6.31,3.93,0,2021-02-19,0,0,"199,167"
MGA,33.57,25.06,1.05,2.30,3.08,3.82,"23,192.25",300.53,2.26,0.74,2.07%,2021-02-19,0.40,12.70%,"1,552,845"
DLR,299.26,188.86,9.35,0.49,0.78,28.66,"42,248.03",280.17,2.53,9.77,3.06%,2021-02-11,1.12,5.67%,"1,682,667"
AKAM,33.43,22.56,1.04,3.51,5.20,1.90,"19,092.48",162.79,4.65,6.09,0,2021-02-09,0,0,"1,882,216"
COF,20.30,9.99,0.63,5.71,11.61,0.49,"53,244.00",459.00,0.96,1.68,1.38%,2021-04-23,0.40,-7.79%,"3,646,973"
EFX,33.23,26.81,1.04,5.40,6.69,2.18,"21,823.96",121.64,7.45,5.56,0.87%,2021-02-10,0.39,6.10%,"552,900"
DELL,25.46,10.77,0.80,3.14,7.42,1.80,"59,939.36",263.65,42.46,0.64,0,2021-02-25,0,0,"2,701,662"
CAG,12.56,13.56,0.39,2.77,2.57,1.86,"17,002.55",488.58,2.03,1.47,3.16%,2021-03-31,0.28,-0.51%,"4,174,106"
ARCC,5.71,11.33,0.18,3.18,1.60,0,"7,679.04",422.62,1.10,5.32,8.81%,2021-02-10,0.40,0.38%,"1,786,014"
VIAC,13.42,12.93,0.42,4.06,4.21,0,"33,643.57",564.98,2.31,1.29,1.76%,2021-02-24,0.24,9.86%,"16,407,995"
TRU,45.03,31.48,1.41,2.08,2.98,2.30,"17,819.69",190.30,7.74,6.56,0.32%,2021-02-16,0.07,0,"1,061,326"
LHX,20.57,14.39,0.64,9.06,12.86,1.65,"39,137.57",210.11,1.87,2.18,2.20%,2021-05-05,1.02,11.88%,"1,334,161"
TROW,16.31,13.59,0.51,10.02,12.03,1.03,"37,252.92",228.00,4.83,6.02,2.20%,2021-04-29,0.90,-2.47%,"1,115,140"
ALL,7.22,8.46,0.23,14.88,12.69,0.30,"32,643.52",304.00,1.16,0.75,2.01%,2021-05-05,0.54,12.47%,"1,668,506"
SBNY,19.60,16.92,0.64,9.97,12.07,2.09,"11,153.06",57.07,1.88,5.35,1.08%,2021-04-23,0.56,0,"681,802"
SYF,15.77,8.75,0.49,2.39,4.31,0.09,"21,999.28",584.00,1.84,1.35,2.34%,2021-04-21,0.22,0,"6,402,684"
WAL,15.00,12.87,0.47,5.04,5.87,1.07,"7,649.71",100.80,2.23,5.67,1.32%,2021-04-16,0.25,0,"697,374"
KLAC,26.33,22.51,0.82,11.48,13.43,2.31,"46,570.60",154.07,15.88,7.72,1.19%,2021-05-05,0.90,11.40%,"1,074,616"
FLT,31.85,20.78,0.99,8.11,12.42,1.33,"21,605.11",83.67,6.44,9.08,0,2021-05-07,0,0,"611,381"
TSN,11.82,11.97,0.37,5.75,5.75,2.03,"24,788.37",294.79,1.62,0.58,2.62%,2021-02-11,0.45,30.53%,"2,039,787"
WEC,21.91,21.07,0.68,3.88,4.02,3.12,"26,846.63",315.43,2.55,3.69,3.20%,2021-05-03,0.68,13.89%,"1,273,121"
QRVO,32.55,18.16,1.02,5.25,9.40,1.01,"19,340.74",113.26,4.30,5.26,0,2021-05-07,0,0,"1,405,031"
MBT,10.61,10.24,1.06,0,66.13,1.68,"9,132.60",999.19,21.97,1.19,5.11%,2021-03-04,0.19,-0.35%,"3,013,278"
CMG,132.79,65.27,4.11,11.33,22.83,2.95,"42,113.50",28.00,20.85,7.02,0,2021-04-21,0,0,"270,382"
CRNC,133.60,60.53,4.25,0.90,2.03,2.83,"4,554.19",37.71,4.58,13.06,0,2021-05-07,0,0,"689,505"
O,43.05,50.50,1.34,1.41,1.21,12.70,"22,738.75",373.38,2.04,12.65,4.62%,2021-02-22,0.23,4.14%,"3,056,377"
FITB,15.92,11.66,0.50,2.05,2.79,0.56,"23,214.59",712.76,1.11,2.77,3.32%,2021-04-20,0.27,15.74%,"4,660,828"
EPD,11.14,10.70,0.35,1.92,2.00,11.06,"46,670.00","2,182.88",1.87,1.72,8.42%,2021-04-29,0.45,3.13%,"8,886,460"
XEL,22.64,20.88,0.71,2.75,2.98,3.40,"32,709.75",525.46,2.37,2.85,2.76%,2021-05-07,0.43,6.09%,"2,262,390"
LBRDK,72.16,85.55,2.25,0,1.76,0,"35,925.75",210.85,2.54,"1,640.34",0,2021-02-25,0,0,"1,311,723"
AWK,40.07,41.58,1.25,4.05,3.90,4.98,"29,405.94",181.27,4.52,7.82,1.36%,2021-02-18,0.55,10.10%,"827,143"
GD,14.51,14.33,0.45,11.00,11.14,2.16,"45,812.23",286.97,2.92,1.21,2.76%,2021-04-29,1.10,9.78%,"1,555,175"
TER,30.70,26.58,0.96,4.20,4.86,1.77,"21,436.15",166.06,9.70,6.87,0.31%,2021-04-21,0.10,10.76%,"1,844,690"
GWW,21.03,20.51,0.66,18.01,18.47,1.41,"20,329.99",53.67,9.51,1.72,1.62%,2021-04-30,1.53,5.20%,"385,828"
NUE,13.76,12.94,0.43,3.90,4.15,2.61,"16,213.58",301.93,1.50,0.81,3.02%,2021-04-28,0.41,1.56%,"2,215,851"
CDNS,72.73,50.97,2.27,1.89,2.70,4.30,"38,375.33",278.93,16.02,14.92,0,2021-02-22,0,0,"1,432,792"
BIDU,33.65,28.64,1.05,52.94,62.20,0,"94,341.52",269.56,3.48,5.79,0,2021-02-17,0,0,"10,094,532"
CMS,21.16,19.69,0.66,2.67,2.85,3.01,"16,160.72",286.33,2.94,2.39,3.08%,2021-04-27,0.43,7.03%,"1,940,976"
HRL,29.90,28.42,0.93,1.67,1.75,5.62,"26,887.92",539.92,4.18,2.79,1.97%,2021-02-19,0.24,12.63%,"3,187,185"
FTNT,54.91,43.12,1.72,2.90,3.70,3.04,"25,880.60",162.33,30.33,10.12,0,2021-05-06,0,0,"1,009,891"
TRV,13.99,13.18,0.44,10.45,11.09,0.44,"36,900.88",252.40,1.26,1.16,2.33%,2021-04-21,0.85,7.20%,"1,377,085"
KR,10.60,10.14,0.33,3.14,3.28,1.33,"25,337.63",761.35,2.53,0.20,2.16%,2021-03-05,0.18,11.48%,"12,876,848"
VTR,136.67,56.10,4.24,0.35,0.85,27.90,"18,035.58",374.57,1.75,4.61,3.74%,2021-02-18,0.45,-5.41%,"1,967,365"
ATO,17.90,17.65,0.56,4.98,5.05,2.46,"11,416.55",128.16,1.58,3.88,2.81%,2021-05-06,0.62,8.13%,"1,007,622"
IR,90.48,31.44,2.81,0.49,1.39,2.80,"18,397.73",417.66,2.08,3.62,0,2021-02-22,0,0,"1,779,110"
ORLY,20.21,19.46,0.63,22.39,23.25,1.41,"32,782.91",72.45,46.75,3.00,0,2021-02-10,0,0,"622,147"
CAH,11.38,8.84,0.36,4.65,5.98,1.76,"15,537.95",293.67,7.89,0.10,3.67%,2021-05-11,0.49,5.22%,"1,818,309"
PEAK,47.99,49.28,1.50,0.63,0.61,21.24,"16,290.79",538.36,2.38,6.83,4.89%,2021-02-09,0.37,-8.20%,"2,873,963"
VFC,82.01,63.54,2.56,1.00,1.29,8.11,"32,003.01",391.71,10.20,3.65,2.40%,2021-05-14,0.49,7.73%,"2,290,164"
VMW,41.71,20.98,1.31,3.52,7.04,1.43,"61,623.41",112.56,7.29,5.32,0,2021-02-25,10.62,0,"1,725,669"
TTD,291.89,170.73,9.10,2.92,4.99,6.83,"40,028.14",41.95,47.99,53.24,0,2021-02-18,0,0,"836,096"
AIG,19.69,16.27,0.62,2.15,2.60,1.48,"36,433.92",861.53,0.57,0.80,3.03%,2021-02-16,0.32,9.58%,"4,639,106"
GPC,19.38,20.01,0.61,5.35,5.18,5.50,"14,945.52",144.29,4.96,0.86,3.05%,2021-02-17,0.79,5.14%,"804,002"
PRU,5.58,7.01,0.17,14.49,11.49,1.26,"32,040.36",396.00,0.47,0.57,5.69%,2021-05-05,1.15,12.52%,"1,950,373"
KEY,14.85,10.66,0.46,1.27,1.76,0.99,"18,461.63",975.77,1.14,2.48,3.94%,2021-04-20,0.18,20.61%,"7,371,848"
AVY,24.57,21.88,0.76,7.12,7.89,4.65,"14,588.93",83.42,9.64,2.08,1.42%,2021-04-29,0.62,10.08%,"467,214"
EXR,34.77,36.73,1.09,3.37,3.19,12.84,"15,392.55",131.36,6.33,11.30,3.07%,2021-02-22,0.90,9.95%,"714,742"
NDSN,34.93,29.38,1.09,5.44,6.47,1.90,"11,040.78",58.11,6.28,5.19,0.82%,2021-02-22,0.39,10.85%,"299,279"
AIR,23.47,28.55,0.73,1.65,1.35,0,"1,363.34",35.29,1.51,0.76,0,2021-03-24,0,-12.94%,"253,553"
CPB,14.67,15.61,0.46,3.21,3.02,2.26,"14,274.77",302.94,5.16,1.61,3.14%,2021-03-04,0.37,2.62%,"2,560,333"
F,108.17,11.16,3.38,0.11,1.04,0.34,"45,993.71","3,907.84",1.50,0.36,0,2021-04-28,0,-29.31%,"90,756,688"
HWM,33.44,30.15,1.03,0.83,0.91,0.79,"12,008.82",432.91,3.37,1.75,0,2021-05-05,0,0,"3,712,891"
TRMB,43.80,34.97,1.37,1.69,2.12,3.99,"18,510.50",250.18,5.54,5.91,0,2021-02-10,0,0,"3,094,912"
CSGP,115.51,95.17,3.61,7.79,9.46,5.44,"35,489.67",39.42,6.68,21.18,0,2021-02-23,0,0,"249,906"
YUM,33.32,25.77,1.03,3.10,3.98,2.13,"31,180.42",301.67,0,5.51,1.93%,2021-04-29,0.50,1.56%,"1,625,670"
ADS,11.73,7.73,0.37,7.38,11.20,0,"4,292.78",49.62,2.82,0.91,0.97%,2021-04-23,0.21,0,"1,070,019"
MTD,47.78,41.30,1.49,25.31,29.28,3.72,"28,306.65",23.41,100.41,9.35,0,2021-05-07,0,0,"113,764"
APO,125.18,18.82,3.91,0.41,2.71,1.30,"22,052.02",228.87,13.32,5.53,4.71%,2021-04-30,0.60,3.34%,"1,275,453"
HAL,30.56,22.84,0.94,0.66,0.86,0.74,"17,808.20",888.63,3.51,1.20,0.91%,2021-04-20,0.04,-15.24%,"11,069,535"
BF/B,43.86,43.24,1.37,1.73,1.76,7.77,"35,355.64",309.49,15.11,10.85,0.95%,2021-03-04,0.18,6.44%,"873,549"
PEG,17.30,17.09,0.54,3.40,3.42,2.96,"29,748.92",505.85,1.86,3.05,3.34%,2021-02-26,0.49,4.67%,"2,073,182"
PKI,21.10,16.13,0.66,6.85,8.96,0,"16,185.91",111.97,4.33,4.27,0.19%,2021-05-05,0.07,0.00%,"943,530"
CTLT,63.11,41.48,2.00,1.81,2.79,2.59,"19,434.34",170.23,5.69,5.32,0,2021-05-05,0,0,"935,244"
DRE,79.60,71.25,2.49,0.52,0.58,8.43,"15,476.89",371.95,3.01,15.51,2.45%,2021-04-29,0.26,1.53%,"1,795,874"
ALLE,23.88,24.15,0.74,4.90,4.82,3.21,"10,771.33",92.04,13.01,3.97,1.23%,2021-02-16,0.36,26.19%,"628,311"
AVTR,56.98,25.59,1.78,0.52,1.16,1.17,"17,199.80",578.34,10.30,2.68,0,2021-04-29,0,0,"4,709,922"
SPG,24.95,26.39,0.82,3.97,3.97,0,"33,922.28",342.85,11.41,7.00,5.10%,2021-05-11,1.30,-0.17%,"3,877,711"
PCG,1.31,7.40,0.04,9.09,1.61,0,"23,596.49","1,984.57",1.13,0.42,0,2021-02-25,0,0,"11,553,763"
RPM,21.81,20.35,0.68,4.00,4.29,2.00,"11,357.97",130.10,7.34,1.96,1.74%,2021-04-08,0.38,6.70%,"646,140"
MSFT,36.02,33.12,1.13,6.73,7.32,2.49,"1,828,761.06","7,542.22",14.05,11.98,0.92%,2021-04-29,0.56,10.13%,"29,568,376"
AAPL,37.16,31.10,1.17,3.68,4.41,2.99,"2,298,458.22","16,788.10",34.79,7.97,0.60%,2021-04-30,0.20,9.54%,"108,250,320"
FB,26.39,21.64,0.82,10.10,12.32,1.03,"759,131.86","2,405.45",5.92,8.84,0,2021-04-29,0,0,"20,683,886"
JNJ,24.66,17.37,0.77,6.69,9.50,2.17,"434,158.94","2,632.54",6.73,5.28,2.45%,2021-04-20,1.01,6.17%,"8,649,852"
TSM,31.63,46.44,0,0,79.93,2.47,"687,414.39","5,186.08",8.86,12.24,1.32%,2021-04-15,0.35,18.65%,"13,462,926"
CSCO,18.52,15.44,0.58,2.64,3.17,2.35,"206,575.74","4,221.00",5.42,4.30,2.94%,2021-02-09,0.36,11.38%,"19,250,562"
UNP,25.19,21.36,0.79,8.10,9.55,2.80,"136,725.57",669.83,8.08,7.08,1.90%,2021-04-23,0.97,12.02%,"2,753,280"
EMR,24.15,23.26,0.75,3.58,3.68,2.38,"51,914.57",600.03,5.78,3.07,2.33%,2021-04-21,0.51,1.24%,"2,607,624"
WMT,26.99,26.00,0.84,5.37,5.58,4.41,"410,331.34","2,829.29",5.04,0.75,1.49%,2021-02-18,0.54,1.96%,"7,278,174"
ZTS,41.81,42.17,1.31,3.83,3.79,3.98,"76,052.36",475.27,21.11,11.64,0.62%,2021-02-16,0.25,19.83%,"1,662,059"
DHR,50.93,31.55,1.59,4.63,7.47,2.73,"167,547.15",711.00,4.59,7.48,0.31%,2021-05-06,0.18,5.92%,"2,602,610"
ATVI,34.45,28.08,1.08,2.94,3.60,2.61,"78,205.42",772.86,5.20,9.65,0.46%,2021-05-05,0.47,12.26%,"6,097,499"
HD,24.22,23.47,0.76,11.56,11.93,2.43,"301,480.52","1,076.60",196.29,2.40,2.14%,2021-02-25,1.50,20.52%,"3,571,128"
KO,25.81,26.36,0.81,1.93,1.89,5.12,"214,527.94","4,297.44",11.53,6.40,3.29%,2021-02-10,0.41,4.44%,"19,447,118"
MRK,13.40,11.56,0.42,5.60,6.49,1.07,"189,853.78","2,530.03",6.50,3.96,3.46%,2021-04-29,0.65,6.50%,"9,714,670"
LLY,27.13,24.79,0.85,7.59,8.30,0,"196,835.80",956.58,40.78,7.62,1.65%,2021-04-27,0.85,8.16%,"4,799,784"
PYPL,114.44,62.63,3.57,2.47,4.50,2.78,"330,470.66","1,171.18",16.52,15.42,0,2021-05-06,0,0,"8,188,181"
INTU,52.33,47.05,1.63,7.45,8.26,3.24,"102,402.56",262.75,19.46,12.97,0.62%,2021-02-23,0.59,15.28%,"1,237,341"
IQV,102.62,29.57,3.20,1.82,6.32,2.32,"35,835.47",191.73,6.12,3.26,0,2021-02-10,0,0,"838,274"
BBY,17.20,15.21,0.54,6.85,7.75,1.55,"30,529.60",258.94,7.44,0.67,1.87%,2021-02-25,0.55,9.00%,"2,558,776"
TXN,30.64,25.37,0.96,5.72,6.90,2.53,"161,152.29",920.24,17.52,11.15,2.33%,2021-04-21,1.02,21.67%,"4,429,692"
VALE,31.39,9.93,0.30,0,9.44,0.87,"93,270.98","5,284.48",2.46,2.79,1.44%,2021-02-25,0.25,10.21%,"29,030,890"
OMC,12.21,13.71,0.38,5.47,4.87,6.27,"14,349.48",214.97,5.44,1.07,3.89%,2021-02-11,0.65,5.39%,"1,690,369"
LH,16.36,10.80,0.51,13.82,20.93,1.57,"22,009.48",97.40,2.67,1.77,0,2021-02-11,0,0,"663,294"
A,45.58,33.32,1.42,2.71,3.70,3.77,"37,688.10",305.39,7.75,7.14,0.63%,2021-02-16,0.19,12.08%,"1,592,720"
TGT,23.06,21.29,0.72,8.41,9.11,2.04,"97,124.95",500.77,7.29,1.10,1.40%,2021-03-02,0.68,4.41%,"3,629,855"
CZZ,17.49,18.33,0.53,6.14,5.68,1.50,"4,287.35",127.08,4.68,1.16,5.33%,2021-02-19,1.02,58.92%,"636,447"
D,13.13,20.57,0.41,5.62,3.57,5.74,"60,231.92",815.82,2.51,3.79,3.41%,2021-02-12,0.63,5.90%,"3,372,914"
XYL,48.80,39.25,1.52,2.07,2.57,2.47,"18,196.22",180.23,6.14,3.73,1.11%,2021-05-05,0.28,13.05%,"1,142,407"
ADSK,156.20,76.70,4.88,1.94,3.95,3.20,"66,584.71",219.89,959.99,18.21,0,2021-02-25,0,0,"1,370,404"
FRC,26.91,24.16,0.84,5.81,6.47,1.83,"27,194.31",173.94,2.67,5.96,0.51%,2021-04-14,0.20,5.92%,"954,352"
EWBC,16.25,13.67,0.51,4.05,4.82,1.71,"9,326.24",141.56,1.77,5.13,2.00%,2021-04-23,0.33,7.62%,"849,121"
ETN,27.96,22.27,0.87,4.30,5.40,2.49,"47,919.69",398.60,3.21,2.71,2.43%,2021-04-30,0.73,5.83%,"2,010,229"
EW,46.25,40.82,1.44,1.86,2.11,2.81,"53,649.21",623.25,11.73,12.22,0,2021-04-23,0,0,"2,427,546"
ARE,30.73,49.69,0.96,5.55,3.43,8.60,"23,295.18",136.69,1.99,11.38,2.56%,2021-04-27,1.09,6.81%,"994,339"
FISV,59.04,25.73,1.84,1.92,4.41,1.63,"76,027.66",670.44,2.40,5.11,0,2021-02-09,0,0,"4,578,968"
WFC,59.25,13.51,1.85,0.56,2.47,2.25,"138,409.60","4,144.00",0.85,1.71,1.20%,2021-04-14,0.10,-11.59%,"35,198,100"
NSC,26.49,21.71,0.83,9.20,11.23,1.99,"61,416.06",251.91,4.16,6.35,1.62%,2021-04-29,0.99,10.05%,"1,088,501"
CNC,14.59,11.60,0.47,3.99,5.19,0.89,"33,767.42",579.80,1.35,0.31,0,2021-02-09,0,0,"3,634,974"
ATUS,48.52,65.98,1.52,0.76,0.56,0,"20,808.53",377.12,27.72,2.26,0,2021-02-10,2.04,0,"4,823,222"
STZ,23.73,23.27,0.74,9.64,9.82,2.71,"44,243.06",170.03,3.32,5.15,1.31%,2021-04-01,0.75,19.33%,"1,202,575"
TEL,28.62,22.15,0.89,4.54,5.82,1.82,"43,012.23",330.89,4.33,3.41,1.48%,2021-04-28,0.48,8.22%,"1,830,775"
DXCM,157.32,135.90,4.92,2.56,2.97,4.54,"38,727.93",96.03,25.84,20.68,0,2021-02-11,0,0,"891,072"
FTV,35.29,27.33,1.10,1.92,2.48,4.74,"22,869.07",337.90,2.55,3.51,0.41%,2021-04-30,0.07,0,"2,099,456"
CLNE,176.45,0,5.61,0.10,-0.05,0,"3,543.09",198.27,6.97,10.90,0,2021-03-09,0,0,"10,686,249"
NEM,29.68,23.56,0.93,2.04,2.56,2.88,"48,538.89",803.36,2.14,4.41,2.65%,2021-02-18,0.40,59.74%,"6,107,802"
VIRT,5.00,5.18,0.16,5.59,5.39,0,"5,409.64",122.92,3.87,1.14,3.43%,2021-02-11,0.24,14.87%,"1,500,929"
TFC,13.21,13.25,0.41,4.01,4.00,1.49,"71,454.46","1,348.96",1.12,2.94,3.40%,2021-04-15,0.45,11.38%,"5,416,627"
HSY,23.73,22.25,0.74,6.29,6.71,3.97,"31,082.07",147.53,9.84,3.82,2.15%,2021-04-23,0.80,7.12%,"854,318"
PNC,23.70,16.89,0.74,6.70,9.40,0.46,"67,279.49",423.70,1.33,3.67,2.90%,2021-04-16,1.15,17.66%,"1,931,528"
BK,10.47,10.63,0.33,4.01,3.95,1.43,"37,199.75",886.76,0.90,2.21,2.96%,2021-04-16,0.31,12.77%,"5,476,164"
JCI,22.85,20.57,0.72,2.26,2.52,1.59,"37,245.26",720.27,2.12,1.74,2.01%,2021-04-30,0.26,3.91%,"4,199,194"
ZBH,47.72,20.76,1.49,3.35,7.70,2.15,"33,125.16",207.28,2.72,4.71,0.60%,2021-05-11,0.24,1.76%,"1,248,549"
CPRT,44.99,38.76,1.41,2.68,3.12,3.88,"28,520.13",236.13,10.52,12.61,0,2021-02-19,0,0,"1,154,098"
USB,15.44,12.85,0.48,3.07,3.70,2.16,"71,431.80","1,507.00",1.52,2.84,3.55%,2021-04-15,0.42,10.71%,"7,191,892"
SLB,90.74,26.99,2.83,0.29,0.96,1.29,"36,186.55","1,392.33",3.00,1.53,1.92%,2021-04-16,0.12,-15.24%,"13,193,856"
AFL,9.45,9.50,0.30,4.90,4.87,6.13,"32,046.77",692.45,0.95,1.49,2.85%,2021-04-28,0.33,7.23%,"3,492,917"
GIS,14.70,15.44,0.46,3.93,3.74,2.53,"35,279.89",611.44,4.13,1.93,3.54%,2021-03-18,0.51,2.59%,"4,831,360"
URI,19.13,14.66,0.60,14.23,18.57,39.61,"19,654.81",72.20,4.32,2.32,0,2021-04-29,0,0,"718,582"
VRSN,28.94,29.48,0.90,6.93,6.80,0,"22,881.31",114.11,0,18.51,0,2021-02-11,2.75,0,"556,173"
ZTO,39.69,39.83,1.24,5.94,5.92,3.30,"31,065.46",642.45,4.05,7.76,0,2021-03-17,0.29,0,"4,119,610"
EQR,59.07,36.23,1.84,1.12,1.82,14.36,"24,598.49",372.25,2.35,9.29,3.65%,2021-02-10,0.60,1.75%,"2,467,416"
BKI,53.79,41.79,1.67,1.61,2.06,4.50,"13,594.03",157.03,5.23,10.80,0,2021-02-16,0,0,"820,867"
IEX,37.73,34.17,1.18,5.26,5.81,2.47,"15,022.30",75.71,5.91,6.37,1.01%,2021-04-23,0.50,9.34%,"429,808"
CLX,21.02,22.85,0.66,9.04,8.32,4.08,"23,900.34",125.79,20.18,3.19,2.34%,2021-04-30,1.11,7.56%,"1,870,623"
MNST,40.56,38.69,1.27,2.24,2.35,3.12,"47,977.07",527.92,10.36,10.93,0,2021-02-26,0,0,"1,970,717"
MAS,20.09,17.75,0.59,2.85,3.23,1.43,"15,001.88",261.68,105.92,2.10,0.98%,2021-02-09,0.14,8.25%,"1,977,855"
RSG,26.41,27.16,0.82,3.48,3.38,3.19,"29,252.55",318.72,3.49,2.89,1.85%,2021-02-22,0.42,7.43%,"1,066,330"
FMC,17.99,18.88,0.56,6.48,6.18,2.06,"15,136.17",129.76,5.14,3.23,1.65%,2021-02-09,0.48,22.22%,"744,693"
PAYC,150.93,123.16,4.69,2.84,3.46,5.44,"25,129.96",58.51,38.78,30.14,0,2021-02-10,0,0,"403,067"
APH,34.74,30.76,1.09,3.81,4.30,2.67,"39,578.17",299.15,7.35,4.59,0.88%,2021-04-22,0.29,14.43%,"1,225,075"
VEEV,139.05,104.67,4.34,2.14,2.84,5.41,"45,071.61",136.37,21.37,32.35,0,2021-03-02,0,0,"827,604"
ADM,14.83,14.01,0.46,3.62,3.82,6.68,"29,850.27",556.39,0,0.47,2.76%,2021-04-29,0.37,5.30%,"2,569,887"
KMI,16.63,16.51,0.52,0.89,0.89,4.13,"33,355.35","2,264.45",1.06,2.85,7.13%,2021-04-22,0.26,-8.14%,"18,625,248"
MAR,326.71,0,10.20,0.40,-0.18,0,"41,867.98",324.33,182.81,3.06,0,2021-02-18,0,-12.76%,"2,289,065"
LYB,15.79,10.87,0.49,6.05,8.79,1.98,"31,895.95",333.92,4.00,1.15,4.40%,2021-04-30,1.05,6.68%,"1,516,091"
SBAC,698.05,0,21.64,0.38,-0.21,0,"29,668.72",111.11,0,14.40,0.70%,2021-02-22,0.47,0,"686,376"
WRK,16.42,12.21,0.51,2.60,3.50,1.17,"11,257.44",263.52,1.03,0.63,1.87%,2021-05-05,0.20,7.26%,"1,858,708"
DFS,26.28,10.28,0.82,3.59,9.18,0.26,"28,962.38",307.00,2.66,2.23,1.87%,2021-04-22,0.44,9.46%,"2,899,578"
HPE,11.75,8.16,0.37,1.15,1.66,0.56,"17,462.25","1,293.50",1.09,0.65,3.56%,2021-03-02,0.12,54.23%,"8,485,610"
CHD,29.09,26.91,0.91,2.83,3.06,3.24,"20,454.92",248.45,6.77,4.15,1.23%,2021-04-30,0.25,7.46%,"1,437,194"
CTXS,32.83,21.16,1.03,4.08,6.34,2.30,"16,485.75",122.96,146.48,5.15,1.10%,2021-04-23,0.37,0,"1,501,261"
HLT,221.08,501.43,6.91,0.51,0.22,0,"31,162.77",277.45,0,5.41,0,2021-02-17,0,-18.61%,"2,607,710"
EIX,8.24,12.79,0.26,7.01,4.51,3.06,"21,851.61",378.51,1.59,1.60,4.59%,2021-02-25,0.66,8.25%,"1,567,762"
CG,34.21,16.46,1.09,1.07,2.26,0,"12,933.21",353.27,0,0,2.73%,2021-04-30,0.25,-21.66%,"1,335,183"
BXP,61.49,33.75,1.92,1.55,2.83,10.10,"14,847.79",155.72,2.56,5.36,4.11%,2021-04-28,0.98,0.36%,"1,135,384"
VMC,33.60,33.46,1.05,4.59,4.61,2.15,"20,430.60",132.51,3.44,4.20,0.88%,2021-02-16,0.34,27.73%,"728,374"
NDAQ,23.74,22.74,0.74,6.00,6.26,3.32,"23,367.16",164.04,3.63,8.07,1.38%,2021-04-22,0.49,16.60%,"948,140"
CNP,11.03,15.78,0.34,1.91,1.33,7.19,"11,457.54",544.82,1.93,1.26,3.04%,2021-02-25,0.16,-5.65%,"3,851,016"
MSCI,56.75,46.47,1.77,7.45,9.10,4.09,"34,917.50",82.60,0,20.87,0.74%,2021-04-28,0.78,29.56%,"513,691"
NTAP,21.68,17.90,0.68,3.22,3.90,2.13,"15,616.83",223.38,41.83,2.80,2.75%,2021-02-24,0.48,22.19%,"1,818,449"
WMB,18.00,26.16,0.55,1.25,0.85,2.80,"27,305.68","1,213.59",2.24,3.48,7.29%,2021-02-22,0.41,-8.17%,"8,553,334"
AVB,49.43,43.50,1.53,3.52,3.97,9.07,"24,198.43",139.61,2.24,10.53,3.66%,2021-05-06,1.59,4.93%,"910,400"
KMX,29.10,27.50,0.91,4.36,4.61,3.84,"20,618.38",162.54,5.01,1.11,0,2021-03-01,0,0,"1,565,198"
EOG,28.07,59.00,0.88,2.12,1.01,0,"34,658.51",583.38,1.72,2.78,2.52%,2021-02-25,0.38,17.49%,"4,734,873"
AJG,23.08,24.34,0.72,5.10,4.83,1.09,"22,799.32",193.74,3.68,3.21,1.63%,2021-04-30,0.48,3.99%,"784,432"
ERII,34.16,30.73,1.07,0.43,0.48,0,827.48,56.10,5.01,7.31,0,2021-03-11,0,0,"247,437"
CGNX,108.62,87.70,3.39,0.82,1.01,0,"15,468.98",174.63,10.27,20.20,0.27%,2021-02-11,2.00,84.17%,"649,922"
STT,11.36,11.21,0.35,6.69,6.79,1.14,"26,864.60",353.16,1.13,2.22,2.73%,2021-04-16,0.52,9.52%,"2,267,682"
ODFL,37.36,29.64,1.17,5.68,7.16,1.87,"24,903.60",117.33,7.49,6.22,0.38%,2021-04-23,0.20,0,"685,409"
KDP,28.33,22.85,0.88,1.13,1.41,2.31,"45,179.87","1,407.25",1.94,3.96,1.87%,2021-02-25,0.15,-20.76%,"4,312,652"
ON,49.21,25.01,1.55,0.81,1.61,1.32,"16,370.81",411.22,4.68,3.15,0,2021-05-10,0,0,"7,200,250"
ARES,21.61,27.79,0.68,2.27,1.77,1.39,"12,692.50",143.83,8.49,3.20,3.26%,2021-02-11,0.40,12.70%,"558,270"
LKQ,18.59,15.43,0.57,2.06,2.45,1.72,"11,638.16",304.35,2.13,0.99,0,2021-02-18,0,0,"1,784,198"
INVH,147.45,104.84,4.61,0.20,0.29,11.79,"16,866.47",560.53,1.97,9.15,2.26%,2021-02-16,0.17,0,"2,936,315"
AEE,21.23,20.98,0.66,3.42,3.46,2.99,"17,910.66",246.74,2.11,3.10,2.84%,2021-02-18,0.52,3.86%,"1,676,406"
VAR,54.11,34.34,1.69,3.26,5.13,0,"16,111.45",91.36,7.23,5.14,0,2021-05-04,0,0,"692,825"
WPC,27.90,23.21,0.87,2.45,2.94,8.31,"11,970.90",175.40,1.74,9.77,6.13%,2021-02-12,1.05,1.75%,"1,050,276"
XPO,241.31,83.49,7.48,0.50,1.43,7.33,"11,012.85",91.42,4.17,0.70,0,2021-02-10,0,0,"840,424"
DRI,46.33,39.34,1.45,2.81,3.31,2.90,"16,977.85",130.33,6.92,2.41,1.14%,2021-03-19,0.37,-6.33%,"1,459,500"
IIVI,40.70,27.77,1.37,2.18,3.46,1.72,"9,203.63",103.73,3.08,3.23,0,2021-02-09,0.00,0,"1,318,346"
ENPH,194.39,156.17,6.07,1.02,1.27,4.14,"24,997.43",126.33,60.03,34.17,0,2021-02-09,0,0,"4,253,410"
TTWO,124.43,35.01,3.89,1.71,6.09,5.68,"24,551.81",115.08,7.78,7.40,0,2021-05-20,0.00,0,"1,172,922"
ITRI,145.00,67.09,4.50,0.70,1.51,0,"4,106.75",40.40,5.28,1.78,0,2021-02-24,0,0,"373,744"
NBIX,25.07,29.89,0.78,4.69,3.94,0.90,"11,050.59",93.94,9.77,10.47,0,2021-05-06,0,0,"882,863"
ICUI,37.18,30.79,1.18,5.59,6.84,4.22,"4,363.03",20.98,3.04,3.46,0,2021-02-25,0,0,"128,530"
TIMB,15.04,22.20,0.14,0,3.11,1.45,"6,182.73",484.16,1.42,1.46,0,2021-02-09,0.17,7.84%,"280,570"
NTR,37.98,31.55,1.40,0,1.74,3.84,"31,178.39",569.26,1.41,1.54,3.29%,2021-02-17,0.45,0,"1,716,098"
MKC,31.98,30.81,1.00,2.84,2.95,2.78,"24,223.93",248.94,12.35,4.32,1.50%,2021-03-31,0.34,9.28%,"1,264,350"
CRL,46.23,35.22,1.44,5.98,7.86,2.82,"13,761.30",49.74,7.25,4.83,0,2021-02-17,0,0,"287,337"
WLTW,25.82,18.94,0.81,8.39,11.92,1.95,"29,093.95",128.91,2.77,3.13,1.26%,2021-02-09,0.71,-3.49%,"1,035,058"
STX,16.86,14.25,0.53,4.24,5.01,3.17,"16,901.47",236.68,17.29,1.80,3.75%,2021-04-22,0.67,2.29%,"4,255,901"
NTES,37.70,34.98,1.18,21.21,22.84,4.89,"85,776.75",691.02,6.48,7.51,0.63%,2021-02-25,0.19,21.15%,"2,417,480"
NWL,19.74,15.55,0.62,1.35,1.71,6.40,"11,269.41",424.30,3.02,1.21,3.46%,2021-02-12,0.23,3.90%,"2,994,314"
LNG,16.15,39.42,0.50,4.16,1.70,1.50,"16,935.15",252.27,0,1.77,0,2021-02-24,0,0,"1,650,596"
DAN,55.31,43.25,1.73,0.43,0.54,5.56,"3,399.88",144.49,2.00,0.49,0,2021-02-18,0,-15.34%,"1,483,393"
FOXA,7.72,13.95,0.24,4.23,2.34,16.39,"19,168.82",337.54,1.81,1.56,1.41%,2021-02-09,0.23,0,"6,355,316"
SIVB,22.07,25.25,0.70,22.84,20.13,2.50,"26,160.09",51.89,3.35,6.44,0,2021-04-22,0,0,"480,322"
PKG,23.39,19.71,0.73,5.69,6.75,12.06,"12,615.34",94.83,3.94,1.88,3.01%,2021-04-27,1.00,8.90%,"674,848"
FFIV,33.66,20.14,1.05,6.11,10.22,1.36,"12,687.12",61.65,5.24,5.23,0,2021-04-27,0,0,"762,552"
WST,69.41,64.07,2.17,4.24,4.60,3.82,"21,768.60",73.93,12.66,10.68,0.23%,2021-02-18,0.17,7.49%,"492,875"
CDW,28.00,23.93,0.87,5.37,6.29,1.83,"21,504.00",142.99,17.34,1.19,1.06%,2021-02-10,0.40,37.79%,"854,913"
ATS,10.60,0,0.65,0,0,0,0,0,0.38,2.30,0,2021-03-23,0,0,0
EMN,17.62,13.87,0.55,6.10,7.75,2.15,"14,557.38",135.47,2.40,1.72,2.57%,2021-04-30,0.69,9.97%,"853,770"
PNR,25.00,20.54,0.78,2.24,2.73,2.26,"9,322.05",166.35,4.43,3.09,1.43%,2021-04-30,0.20,-9.81%,"1,150,900"
FICO,57.77,44.04,1.81,8.27,10.89,0,"13,965.51",29.24,43.28,10.67,0,2021-04-29,0,0,"227,412"
DHI,11.49,9.04,0.35,7.22,9.08,0.63,"30,172.69",363.70,2.39,1.34,0.96%,2021-04-28,0.20,20.53%,"3,210,536"
EXPD,25.51,23.70,0.80,3.71,3.99,2.82,"16,019.31",169.27,6.40,1.77,1.10%,2021-02-16,0.52,7.63%,"1,045,622"
UDR,"71,985.94",182.62,"2,245.61",0.00,0.22,67.27,"12,061.96",294.48,3.69,9.59,3.51%,2021-02-09,0.36,5.34%,"1,510,416"
MXIM,35.26,31.08,1.10,2.60,2.95,2.75,"24,547.20",268.04,12.74,10.40,0,2021-04-28,0,4.42%,"2,037,420"
NVST,84.99,47.13,2.65,0.46,0.83,84.06,"6,237.19",159.64,1.75,2.74,0,2021-02-10,0,0,"1,483,091"
TYL,94.14,77.01,2.94,4.54,5.55,5.49,"17,236.94",40.33,9.08,15.12,0,2021-02-10,0.01,0,"249,663"
AAP,19.74,18.50,0.62,8.03,8.61,1.34,"10,750.87",67.85,2.89,1.11,0.63%,2021-02-16,0.25,33.03%,"1,055,542"
DPZ,32.54,30.56,1.02,11.68,12.44,1.96,"14,974.33",39.40,0,3.83,0.82%,2021-02-25,0.78,20.27%,"526,268"
CE,17.06,13.05,0.53,7.62,9.96,2.36,"15,201.03",116.89,4.31,2.71,2.09%,2021-04-27,0.68,17.17%,"894,175"
FBHS,21.60,18.37,0.67,4.24,4.99,1.83,"12,721.70",138.93,4.58,2.09,1.14%,2021-04-30,0.26,11.38%,"815,357"
ETR,9.32,16.70,0.29,10.18,5.63,3.63,"18,988.05",200.23,1.75,1.84,4.02%,2021-02-24,0.95,2.17%,"1,486,425"
MAIN,9.19,16.28,0.29,3.67,2.07,0,"2,232.72",66.27,1.57,9.90,7.30%,2021-02-25,0.20,-1.62%,"464,509"
TDG,73.51,52.94,2.79,8.16,11.34,2.91,"32,822.65",54.69,0,7.17,0,2021-02-09,32.50,0,"280,342"
SGEN,69.74,53.37,2.18,2.54,3.32,2.06,"31,941.28",180.31,13.74,16.50,0,2021-02-11,0,0,"1,093,440"
PPL,11.87,11.51,0.37,2.35,2.42,12.84,"21,426.00",768.78,1.56,2.78,5.94%,2021-02-18,0.41,2.05%,"3,805,780"
XRAY,463.37,35.99,14.53,0.12,1.56,70.33,"12,212.87",218.56,2.58,3.68,0.72%,2021-03-01,0.10,6.64%,"1,222,184"
MPWR,101.79,64.85,3.18,3.62,5.68,3.50,"16,686.32",45.27,17.26,19.59,0.65%,2021-04-28,0.60,20.11%,"364,295"
RF,17.73,10.72,0.55,1.10,1.82,0.41,"18,767.07",960.44,1.14,2.82,3.17%,2021-04-23,0.15,21.94%,"7,787,692"
TSBK,9.32,0,0.29,2.97,0,0,230.15,8.32,1.19,3.15,3.04%,2021-04-28,0.10,20.88%,"19,157"
DTE,16.96,17.23,0.53,7.13,7.02,2.79,"23,244.71",192.11,1.90,1.93,3.59%,2021-02-19,1.08,7.74%,"843,760"
MASI,66.42,74.78,2.07,3.94,3.50,6.86,"14,414.56",55.06,10.19,12.98,0,2021-02-23,1.00,0,"284,544"
OC,19.70,18.68,0.62,4.29,4.53,1.67,"9,154.37",108.23,2.37,1.35,1.23%,2021-02-17,0.26,7.58%,"929,465"
TFX,45.74,37.96,1.43,8.72,10.50,3.83,"18,562.89",46.57,5.88,7.38,0.34%,2021-02-19,0.34,0.00%,"190,289"
HSIC,24.07,23.46,0.75,2.94,3.02,7.44,"10,105.70",142.78,3.20,1.05,0,2021-02-17,0,0,"677,812"
NI,13.63,17.06,0.43,1.64,1.31,2.88,"8,553.30",383.21,1.88,1.75,3.94%,2021-02-17,0.22,3.23%,"3,003,402"
LNC,12.27,5.72,0.38,4.28,9.07,0.20,"10,156.09",193.27,0.47,0.58,3.22%,2021-05-06,0.42,13.77%,"1,510,353"
WTRG,45.11,31.06,1.41,1.06,1.54,4.59,"11,766.91",245.27,2.53,9.70,2.09%,2021-02-24,0.25,7.17%,"1,049,668"
ELAN,51.19,63.50,1.60,0.56,0.45,12.50,"13,425.98",471.92,1.61,4.02,0,2021-02-24,0,0,"2,735,672"
POOL,47.71,43.29,1.49,7.53,8.31,2.55,"14,432.99",40.16,24.50,3.92,0.64%,2021-02-11,0.58,18.02%,"279,851"
PXD,50.18,79.04,1.54,2.65,1.65,5.02,"28,753.30",216.11,1.84,2.79,1.68%,2021-02-17,0.56,94.03%,"2,752,605"
FLIR,27.68,23.78,0.86,1.97,2.29,0,"7,158.34",131.15,3.96,3.83,1.25%,2021-02-26,0.17,9.10%,"3,237,158"
OKE,16.25,21.68,0.51,2.67,2.00,4.96,"19,300.18",444.40,3.14,2.13,8.61%,2021-02-22,0.94,8.92%,"2,944,528"
OMCL,124.77,36.72,3.92,1.04,3.54,1.60,"5,469.47",42.31,5.68,6.20,0,2021-05-07,0,0,"386,559"
OGE,14.65,15.06,0.46,2.12,2.06,4.29,"6,204.62",200.02,1.69,2.94,5.19%,2021-02-25,0.40,8.52%,"1,244,056"
ALLY,13.33,9.38,0.42,3.13,4.45,0.30,"15,650.13",374.67,1.06,1.44,1.82%,2021-04-20,0.19,0,"4,486,880"
GL,14.76,12.69,0.46,6.37,7.41,0.35,"9,848.69",104.66,1.13,2.11,0.80%,2021-04-22,0.19,6.79%,"420,078"
JBHT,29.03,23.78,0.91,5.03,6.17,1.38,"15,431.24",105.68,5.96,1.61,0.77%,2021-04-14,0.28,5.35%,"682,297"
JNPR,26.22,15.31,0.82,0.96,1.64,1.93,"8,292.87",329.74,1.83,1.87,3.18%,2021-04-28,0.20,14.87%,"5,110,210"
HIG,9.85,9.36,0.31,5.11,5.38,0.25,"18,036.14",358.50,0.99,0.88,2.78%,2021-04-29,0.35,10.76%,"1,936,132"
CFG,16.75,10.64,0.52,2.42,3.80,4.82,"17,287.92",427.07,0.84,2.25,3.85%,2021-04-16,0.39,31.28%,"3,778,032"
DVA,13.53,14.78,0.42,8.14,7.46,0.89,"12,342.40",112.00,7.96,1.19,0,2021-02-11,0,0,"675,639"
XOM,0,25.55,0,-5.25,2.04,3.00,"220,291.00","4,228.23",1.24,1.24,6.68%,2021-04-30,0.87,3.57%,"29,190,408"
MELI,0,"1,373.48",0,-0.16,1.38,20.52,"94,619.87",49.78,52.70,28.46,0,2021-02-25,0,0,"553,954"
CVX,0,26.47,0,-2.87,3.46,1.22,"176,100.55","1,925.02",1.34,1.81,5.64%,2021-04-30,1.29,3.81%,"9,508,373"
CSOD,0,32.64,0,-0.26,1.40,0,"2,958.17",64.60,12.08,4.20,0,2021-02-16,0,0,"319,526"
SQ,0,347.14,0,-0.19,0.75,8.57,"117,230.04",383.81,56.12,14.89,0,2021-02-23,0,0,"9,390,463"
WLDN,0,78.33,0,-0.62,0.70,5.22,657.31,12.07,3.88,1.49,0,2021-03-05,0,0,"97,532"
CARR,0,20.53,1.46,0,1.93,3.74,"34,407.48",866.69,6.75,2.07,1.21%,2021-02-09,0.12,0,"4,937,847"
BA,0,371.84,0,-21.01,0.57,0,"123,566.18",583.00,0,2.07,0,2021-04-29,0,-10.80%,"12,459,098"
PANW,0,66.06,0,-1.99,5.83,2.81,"36,818.48",95.53,49.12,10.39,0,2021-02-22,0,0,"1,107,526"
TWLO,0,"3,329.25",0,-2.83,0.12,61.26,"60,309.73",140.26,10.46,36.68,0,2021-02-17,0,0,"1,640,871"
COP,0,36.70,0,-0.97,1.27,0,"63,369.35","1,354.62",1.66,2.67,3.71%,2021-04-30,0.43,-10.48%,"11,127,330"
DOCU,0,317.88,0,-1.15,0.78,7.46,"46,434.02",186.56,108.98,35.31,0,2021-03-12,0,0,"2,927,272"
Z,0,800.34,0,0,0.20,0,"38,358.44",165.89,9.06,10.41,0,2021-02-10,0,0,"2,432,889"
WDAY,0,100.59,0,-1.16,2.71,4.57,"65,469.60",180.00,21.17,15.37,0,2021-02-25,0,0,"2,133,259"
SNAP,0,839.50,0,-0.66,0.08,0,"96,199.63","1,252.99",41.29,37.32,0,2021-04-21,0,0,"22,076,478"
MRVL,0,54.95,0,-0.08,0.94,2.38,"34,664.88",671.80,4.13,11.91,0.47%,2021-03-03,0.06,0.00%,"8,411,143"
CRWD,0,995.54,0,-0.48,0.22,9.95,"49,200.21",188.28,60.48,62.91,0,2021-03-16,0,0,"3,837,576"
OKTA,0,"6,144.78",0,-1.92,0.05,244.48,"36,399.39",121.22,53.66,46.18,0,2021-03-03,0,0,"1,265,370"
LVS,0,64.30,0,-2.07,0.86,6.88,"42,240.51",763.84,14.21,11.70,0,2021-04-22,0,-21.20%,"7,273,426"
CIT,0,16.94,0,-1.79,2.49,1.71,"4,198.69",98.54,0.80,1.32,3.29%,2021-04-21,0.35,18.47%,"911,371"
WMG,0,58.93,0,-0.90,0.65,1.19,"19,792.27",111.17,"1,226.62",4.30,1.25%,2021-05-07,0.12,0,"863,242"
RNG,0,442.58,0,-1.27,0.96,15.97,"36,680.88",79.33,126.21,33.57,0,2021-02-16,0,0,"708,481"
PSX,0,25.24,0,-1.94,3.00,3.31,"33,105.09",436.80,1.68,0.52,4.75%,2021-04-30,0.90,10.55%,"2,946,396"
PENN,0,71.35,0,-5.88,1.70,0.83,"18,829.96",155.32,7.21,4.51,0,2021-05-07,0,0,"4,409,214"
COUP,0,771.78,0,-2.13,0.47,23.11,"25,958.17",72.18,60.71,48.91,0,2021-03-16,0,0,"1,111,266"
PINS,0,111.45,0,-0.13,0.72,0.68,"50,161.75",532.42,22.27,28.36,0,2021-05-05,0,0,"12,247,077"
VLO,0,118.23,0,-3.86,0.55,0,"26,420.66",407.79,1.41,0.42,6.05%,2021-04-29,0.98,15.59%,"3,621,031"
ALC,0,71.80,0,-1.47,1.04,4.26,"36,758.49",489.20,1.96,5.37,0,2021-02-23,0.19,0,"963,732"
INCY,0,27.49,0,-1.48,3.41,0,"20,502.41",219.00,7.85,7.66,0,2021-02-09,0,0,"1,083,420"
SAN,0,10.16,0,0,0.28,0,"59,651.81","17,340.64",0.60,0.82,0,2021-04-28,0,0,"6,855,347"
TEAM,0,219.04,0,-0.22,1.12,8.80,"61,110.10",133.02,362.41,33.71,0,2021-04-30,0,0,"1,309,832"
EQNR,0,33.10,0,0,0.56,2.54,"60,169.49","3,257.69",1.79,1.26,2.38%,2021-02-10,0.08,-6.40%,"4,167,588"
PLTR,0,487.16,0,0,0.07,0,"62,800.75","1,471.83",49.73,0,0,2021-02-16,0,0,"58,783,640"
ZEN,0,221.55,0,-1.23,0.70,4.66,"18,198.06",116.68,42.14,17.47,0,2021-04-30,0,0,"1,402,357"
ZS,0,570.29,0,-1.04,0.38,8.61,"28,968.00",134.19,59.39,59.31,0,2021-02-25,0,0,"1,986,889"
FSK,0,7.25,0,-0.84,2.55,0,"2,289.49",123.76,0.76,3.50,12.97%,2021-03-01,0.60,-6.40%,"468,816"
BKR,0,32.21,0,-0.27,0.70,1.99,"23,345.04",685.82,1.28,0.73,3.19%,2021-05-05,0.18,1.15%,"5,880,374"
RCL,0,0,0,-17.78,-18.69,0,"15,860.79",224.34,1.82,3.15,0,2021-02-19,0,-10.39%,"3,843,859"
TCOM,0,0,0,-4.35,-2.59,0,"20,994.67",593.07,0,6.25,0,2021-03-18,0.06,0,"4,222,354"
AMC,0,0,0,-17.84,-19.34,0,"2,726.02",441.10,0,0.25,0,2021-02-26,0,-48.14%,"212,787,200"
CSTM,0,0,0,-0.11,-0.29,0,"1,889.53",137.92,0,0.31,0,2021-02-19,0,0,"650,227"
UBER,0,0,0,-2.78,-2.70,0,"109,764.62","1,851.32",11.68,7.90,0,2021-02-10,0,0,"21,341,136"
AGRO,0,0,0,-0.11,-0.07,0,964.89,117.81,1.19,1.52,0,2021-03-12,0,0,"378,078"
TWTR,0,0,0,-0.17,-0.18,0,"46,289.35",795.35,5.92,13.27,0,2021-02-09,0,0,"17,313,416"
MOD,0,0,0,-1.45,-1.23,0,761.03,51.42,2.21,0.43,0,2021-05-28,0,0,"349,312"
CNK,0,0,0,-2.68,-4.64,0,"2,340.72",118.16,2.32,1.68,0,2021-02-22,0,-18.48%,"6,503,433"
MRNA,0,0,0,-1.62,-1.20,0,"73,594.17",395.71,26.64,290.49,0,2021-02-25,0,0,"17,982,466"
ROKU,0,0,0,-0.84,-0.69,0,"55,168.23",108.99,46.70,35.44,0,2021-02-18,0,0,"4,190,326"
TDOC,0,0,0,-1.02,-1.31,0,"42,696.74",144.96,11.18,26.33,0,2021-02-26,0,0,"3,189,845"
SPLK,0,0,0,-4.96,-0.93,0,"27,421.39",161.72,17.04,11.77,0,2021-03-03,0,0,"1,788,120"
SE,0,0,0,-2.94,-2.45,0,"134,673.92",359.00,175.57,34.76,0,2021-03-03,0,0,"3,602,516"
SRPT,0,0,0,-7.58,-5.99,0,"7,518.83",78.91,8.40,14.79,0,2021-02-26,0,0,"3,044,787"
WYNN,0,0,0,-18.85,-3.57,0,"12,665.09",107.87,0,5.98,0,2021-05-06,0,-19.73%,"2,710,301"
MARA,0,0,0,-0.42,-0.19,0,"3,011.65",93.91,34.43,220.77,0,2021-03-23,0,0,"46,900,492"
FORD,0,0,0,-0.11,0,0,43.01,9.89,6.53,1.21,0,2021-02-16,0.08,0,"667,488"
EXAS,0,0,0,-0.78,-2.33,0,"25,055.69",168.75,9.55,16.54,0,2021-02-16,0,0,"1,667,395"
VERU,0,0,0,-0.12,-0.24,0,"1,000.94",71.91,32.30,21.83,0,2021-02-10,0,0,"4,377,714"
NIO,0,0,0,-6.60,-3.79,0,"92,907.81","1,292.31",53.08,34.45,0,2021-03-01,0,0,"113,715,992"
LUV,0,0,0,-6.14,-1.87,0,"30,856.99",590.68,3.48,3.17,0,2021-04-23,0,-8.78%,"7,230,246"
WORK,0,0,0,-0.57,-0.07,0,"25,104.50",501.49,29.21,29.17,0,2021-03-12,0,0,"9,251,634"
SPOT,0,0,0,-3.30,-1.45,0,"61,589.02",190.21,18.16,6.38,0,2021-04-29,0,0,"1,466,233"
EXPE,0,0,0,-7.63,-8.27,0,"20,571.32",135.94,14.14,2.95,0,2021-02-11,0,-16.55%,"3,085,461"
DAL,0,0,0,-10.67,-2.34,0,"27,575.63",637.73,20.38,1.61,0,2021-04-22,0,-2.21%,"12,284,394"
AAL,0,0,0,-15.87,-7.44,0,"10,750.83",605.00,0,0.48,0,2021-04-30,0,-24.21%,"65,280,712"
PVH,0,0,0,-12.14,-1.86,0,"6,771.59",71.10,1.45,0.89,0,2021-04-01,0,-24.21%,"1,013,191"
PDD,0,0,0,-6.48,-2.25,0,"231,678.64",878.20,37.47,32.76,0,2021-03-11,0,0,"9,095,151"
BRG,0,0,0,-0.71,-1.27,0,274.73,23.77,7.14,1.27,5.64%,2021-02-11,0.16,-10.94%,"262,414"
HES,0,0,0,-2.77,-0.62,0,"18,541.33",307.08,3.39,3.87,1.67%,2021-05-07,0.25,0.00%,"1,828,904"
MGM,0,0,0,-3.30,-3.98,0,"17,611.23",494.70,2.56,2.61,0.03%,2021-02-10,0.00,0,"9,249,398"
ACAD,0,0,0,-1.72,-1.83,0,"8,152.40",158.98,12.44,19.12,0,2021-02-26,0,0,"884,424"
ALNY,0,0,0,-8.27,-6.64,0,"19,187.25",116.18,15.79,47.00,0,2021-02-11,0,0,"823,448"
AVLR,0,0,0,-0.64,-0.04,0,"14,935.22",84.57,13.96,30.23,0,2021-02-10,0,0,"672,979"
CCL,0,0,0,-7.79,-3.84,0,"23,027.12",929.63,1.10,2.57,0,2021-03-19,0,-14.59%,"32,735,408"
JM,0,0,0,1.55,0,0,0,147.74,0,0,0,0,0.06,0,0
NOVN,0,0,0,-0.19,-0.32,0,254.72,141.51,38.35,18.26,0,2021-02-24,0,0,"29,223,238"
CHWY,0,0,0,-0.43,-0.12,0,"44,466.81",95.31,0,6.75,0,2021-04-05,0,0,"3,321,670"
CREE,0,0,0,-1.84,-0.89,0,"13,657.20",111.02,7.33,17.58,0,2021-04-29,0,0,"1,961,956"
APLS,0,0,0,-7.82,-5.85,0,"3,720.20",75.74,35.13,"5,750.54",0,2021-02-26,0,0,"639,051"
NET,0,0,0,-0.39,-0.13,0,"28,004.34",233.91,33.86,69.84,0,2021-02-11,0,0,"4,037,433"
WEST,0,0,0,-0.01,0,0,0,603.15,0,0,0,0,0,0,0
HST,0,0,0,-0.79,-1.38,0,"10,086.23",705.33,1.53,3.69,0,2021-02-18,0,-24.21%,"7,264,852"
MRNS,0,0,0,-3.40,-2.44,0,515.84,35.58,5.63,"2,590.75",0,2021-03-16,0,0,"367,268"
CBAY,0,0,0,-0.90,-0.71,0,420.90,68.89,2.69,0,0,2021-03-12,0,0,"1,278,566"
PBR,0,0,0,0,-5.66,0,"68,836.92","3,721.23",1.48,1.31,3.54%,2021-02-24,0.09,0,"23,670,330"
ERJ,0,0,0,0,-24.58,0,"1,334.69",185.12,0.44,0.55,0,2021-03-24,0.01,0,"2,933,818"
FWONK,0,0,0,0,-2.72,0,"10,320.63",203.50,1.44,7.92,0,2021-02-26,0,0,"922,499"
AUPH,0,0,0,0,-0.94,0,"2,113.77",126.72,5.36,"15,977.66",0,2021-03-05,0,0,"5,868,792"
DKNG,0,0,0,0,-1.87,0,"24,274.51",391.71,0,0,0,2021-02-26,0,0,"15,828,940"
VEU,0,0,0,0,0,0,"32,022.60",522.39,0,0,2.95%,0,0.45,-1.90%,"3,071,988"
SPY,0,0,0,0,0,0,"334,347.69",856.18,0,0,1.62%,0,1.58,6.23%,"65,859,568"
XLK,0,0,0,0,0,0,"39,853.68",291.46,0,0,0.87%,0,0.30,9.33%,"6,679,586"
XLF,0,0,0,0,0,0,"30,457.54",973.40,0,0,1.94%,0,0.15,5.20%,"52,879,032"
XLI,0,0,0,0,0,0,"16,417.61",182.93,0,0,1.63%,0,0.37,3.83%,"11,197,976"
XLV,0,0,0,0,0,0,"24,547.70",211.97,0,0,1.60%,0,0.46,10.33%,"8,235,601"
XLP,0,0,0,0,0,0,"11,269.35",170.72,0,0,3.42%,0,0.56,5.79%,"11,060,151"
XLC,0,0,0,0,0,0,"12,172.96",169.80,0,0,0.59%,0,0.11,0,"3,736,443"
VCIT,0,0,0,0,0,0,"44,167.20",458.78,0,0,2.25%,0,0.18,-1.14%,"3,407,960"
EEM,0,0,0,0,0,0,"30,778.54",546.30,0,0,1.84%,0,0.52,-1.36%,"41,710,808"
AAXJ,0,0,0,0,0,0,"6,812.58",68.80,0,0,1.38%,0,0.68,-6.20%,"1,182,465"
VPL,0,0,0,0,0,0,"5,109.62",61.52,0,0,4.25%,0,0.88,0.88%,"660,934"
XLE,0,0,0,0,0,0,"17,723.77",399.72,0,0,4.69%,0,0.52,0.83%,"30,925,660"
XLY,0,0,0,0,0,0,"19,989.00",115.40,0,0,0.68%,0,0.30,3.43%,"3,571,858"
XES,0,0,0,0,0,0,167.10,3.06,0,0,0.51%,0,0.07,-32.76%,"90,036"
QQQ,0,0,0,0,0,0,"159,934.92",479.45,0,0,0.67%,0,0.56,9.47%,"30,680,786"
VWOB,0,0,0,0,0,0,"2,827.43",34.86,0,0,3.69%,0,0.25,-1.24%,"339,197"
SCHZ,0,0,0,0,0,0,"8,801.47",158.90,0,0,2.30%,0,0.11,4.27%,"975,599"
FVD,0,0,0,0,0,0,"10,358.91",289.84,0,0,2.36%,0,0.21,7.70%,"1,329,142"
VHT,0,0,0,0,0,0,"14,146.43",60.35,0,0,1.50%,0,0.88,-3.47%,"270,160"
VOE,0,0,0,0,0,0,"11,911.84",94.36,0,0,2.37%,0,0.75,-4.23%,"346,305"
VWO,0,0,0,0,0,0,"78,745.87","1,437.49",0,0,2.20%,0,0.30,-2.18%,"11,567,009"
VDC,0,0,0,0,0,0,"5,500.82",31.85,0,0,3.64%,0,1.57,-7.96%,"153,236"
SCHE,0,0,0,0,0,0,"9,397.92",279.70,0,0,3.18%,0,0.53,5.65%,"1,804,978"
SCHP,0,0,0,0,0,0,"14,930.40",240.00,0,0,0,0,0,36.39%,"1,525,938"
VNQI,0,0,0,0,0,0,"4,993.83",92.21,0,0,3.73%,0,0.51,-19.14%,"360,419"
XME,0,0,0,0,0,0,"1,103.93",30.75,0,0,0.93%,0,0.08,-3.26%,"3,627,102"
SCHO,0,0,0,0,0,0,"7,516.89",146.30,0,0,0.71%,0,0.03,11.45%,"1,196,294"
VFH,0,0,0,0,0,0,"7,998.83",102.91,0,0,2.47%,0,0.48,10.75%,"709,546"
VCR,0,0,0,0,0,0,"5,452.07",18.15,0,0,0,0,0,7.81%,"128,372"
BNDX,0,0,0,0,0,0,"38,624.73",666.06,0,0,0.93%,0,0.04,-5.13%,"3,409,173"
VBR,0,0,0,0,0,0,"20,825.03",132.78,0,0,2.23%,0,0.88,-9.11%,"748,530"
FLSW,0,0,0,0,0,0,48.83,1.60,0,0,0.38%,0,0.06,0,"26,032"
EUDG,0,0,0,0,0,0,44.73,1.45,0,0,1.44%,0,0.11,3.77%,"9,191"
QVAL,0,0,0,0,0,0,156.87,5.03,0,0,3.47%,0,0.27,11.42%,"26,874"
ZGBR,0,0,0,0,0,0,13.96,0.30,0,0,2.90%,0,0.68,-8.13%,"2,526"
QARP,0,0,0,0,0,0,51.36,1.45,0,0,1.94%,0,0.17,0,"86,229"
ARKK,0,0,0,0,0,0,"26,790.92",174.75,0,0,0,0,1.63,34.46%,"7,427,408"
EWT,0,0,0,0,0,0,"6,419.26",109.90,0,0,1.67%,0,0.97,4.05%,"3,498,377"
SRVR,0,0,0,0,0,0,"1,082.05",29.15,0,0,1.48%,0,0.14,0,"368,471"
MDYV,0,0,0,0,0,0,"1,680.26",27.75,0,0,1.60%,0,0.24,-10.53%,"156,508"
ZHOK,0,0,0,0,0,0,12.33,0.17,0,0,2.23%,0,0.78,0,"1,533"
EWM,0,0,0,0,0,0,385.13,14.03,0,0,0,0,0,-45.78%,"526,692"
RQI,0,0,0,0,0,0,"1,737.11",134.24,0,0,7.42%,0,0.08,0.00%,"492,721"
MCHI,0,0,0,0,0,0,"7,364.59",79.60,0,0,1.31%,0,0.60,-7.37%,"4,003,687"
OIH,0,0,0,0,0,0,851.37,4.65,0,0,1.03%,0,1.89,-31.63%,"444,857"
IEFA,0,0,0,0,0,0,"86,827.10","1,211.40",0,0,1.71%,0,0.61,-1.70%,"9,756,309"
TUR,0,0,0,0,0,0,326.02,11.25,0,0,0.54%,0,0.08,-26.96%,"341,658"
EWN,0,0,0,0,0,0,311.33,7.05,0,0,0.59%,0,0.13,-6.86%,"186,586"
QUS,0,0,0,0,0,0,866.26,8.05,0,0,1.92%,0,1.03,15.21%,"37,623"
QQEW,0,0,0,0,0,0,"1,280.00",12.05,0,0,0.35%,0,0.09,5.37%,"100,814"
XBI,0,0,0,0,0,0,"8,916.99",51.25,0,0,0.40%,0,0.18,-7.96%,"5,370,290"
VOO,0,0,0,0,0,0,"196,681.03",547.75,0,0,1.54%,0,1.38,6.17%,"3,225,888"
VGT,0,0,0,0,0,0,"43,478.21",115.96,0,0,0.74%,0,0.69,0.97%,"605,107"
GLDM,0,0,0,0,0,0,"4,190.60",230.00,0,0,0,0,0,0,"2,500,552"
QYLD,0,0,0,0,0,0,"1,850.21",78.90,0,0,11.71%,0,0.23,3.31%,"912,260"
FLAU,0,0,0,0,0,0,22.02,0.75,0,0,2.00%,0,0.29,0,"6,450"
EDEN,0,0,0,0,0,0,179.22,1.85,0,0,0.10%,0,0.05,-12.93%,"24,245"
ENZL,0,0,0,0,0,0,193.80,2.85,0,0,2.24%,0,0.76,-6.75%,"57,249"
USO,0,0,0,0,0,0,"3,423.74",87.92,0,0,0,0,0,0,"5,316,194"
PUTW,0,0,0,0,0,0,105.36,3.60,0,0,1.40%,0,0.41,0,"14,637"
EWY,0,0,0,0,0,0,"7,851.47",85.50,0,0,0.69%,0,0.63,-12.11%,"3,958,568"
EFNL,0,0,0,0,0,0,29.90,0.65,0,0,2.48%,0,0.57,20.50%,"21,556"
VTI,0,0,0,0,0,0,"217,132.06","1,054.35",0,0,1.52%,0,0.78,6.03%,"4,438,032"
MINT,0,0,0,0,0,0,"14,568.65",142.69,0,0,0.49%,0,0.04,2.52%,"1,061,332"
QTEC,0,0,0,0,0,0,"3,484.20",23.45,0,0,0.30%,0,0.11,7.74%,"178,410"
FTCV,0,0,0,0,0,0,369.17,25.64,0,0,0,0,0,0,0
IXN,0,0,0,0,0,0,"5,270.67",16.60,0,0,0.58%,0,0.92,11.45%,"99,211"
EWL,0,0,0,0,0,0,"1,763.71",39.62,0,0,0.10%,0,0.02,-4.21%,"861,989"
JHMD,0,0,0,0,0,0,483.20,15.10,0,0,2.19%,0,0.35,0,"33,562"
FXI,0,0,0,0,0,0,"4,258.13",82.65,0,0,2.65%,0,0.68,-0.14%,"16,025,274"
BDBPX,0,0,0,0,0,0,0,13.54,0,0,0.69%,0,0.19,0,0
VGTSX,0,0,0,0,0,0,0,"8,446.00",0,0,3.64%,0,0.18,-0.14%,0
OSI,0,0,0,0,0,0,0,0.00,0,0,0,0,0.13,0,0
PBK,0,0,0,0,0,0,0,6.18,0,0,0,0,0,0,0
IUSN,0,0,0,0,0,0,0,23.68,0,0,0,0,0,0,0
DGE,0,0,0,0,0,0,0,0,0,0,0,0,0.02,0,0
VRE,0,0,0,0,0,0,0,0,0,0,0,0,0.05,0,0
